greenwich_date,jd_ephem,observer,clamp,limb,ra_h,ra_m,ra_s,ra_o_minus_c,ra_limb_corr,limb_side,dec_sign,dec_deg,dec_min,dec_sec,dec_o_minus_c,dec_limb_corr
1963 Mar. 8.15,38096.65932,B1,,1,9,41,43.407,+1.183,+.001,N,+,15,59,44.57,-5.85,+0.24
1963 Mar. 9.19,38097.69177,Pe,W,1,10,32,31.012,+1.097,-.004,N,+,12,26,56.23,-6.42,-0.36
1963 Mar. 10.22,38098.72270,Sc,W,2,11,21,06.850,+1.090,+.075,N,,,,,-7.41,-0.25
1963 Mar. 11.25,38099.75247,Ka,W,2,12,8,02.404,+1.015,+.056,,+,4,1,,,
1963 Mar. 14.33,38102.83949,Ka,W,2,14,25,31.632,+0.951,-.029,S,,,,,-5.38,-0.56
1963 Mar. 15.36,38103.86937,Sc,W,2,15,12,36.864,+1.085,-.023,,-,12,59,19.06,-5.19,-0.78
1963 Mar. 16.39,38104.90044,Pe,W,2,16,1,25.120,+1.089,-.035,S,-,16,19,59.29,-3.81,-0.18
1963 Mar. 18.46,38106.96735,Rh,W,2,17,45,55.002,+1.237,-.092,,-,20,46,,,
1963 Apr. 3.03,38122.53999,To,W,1,8,31,55.213,+1.278,+.066,,+,19,40,,,
1963 Apr. 4.07,38123.57456,Ka,W,1,9,25,46.804,+1.190,+.029,,+,17,6,,,
1963 Apr. 5.10,38124.60723,Sc,W,1,10,16,53.801,+1.149,+011,N,+,13,44,41.35,-5.75,-0.51
1963 Apr. 6.13,38125.63826,Ki,W,,11,5,38.872,+1.141,-.008,N,,,,,-7.02,-0.34
1963 Apr. 8.19,38127.69708,Ka,W,1,12,38,27.841,+1.017,-.006,N,+,1,2,12.25,-6.91,+0.25
1963 Apr. 10.25,38129.75477,To,W,2,14,9,38.539,+0.978,-.016,S,+,7,49,41.99,-6.50,+0.15
1963 Apr. 11.28,38130.78436,Sc,38130.78436 Sc W 2 14 56 18.441 W,,14,56,18.444,+1.069,-.002,,-,11,52,48.31,-5.23,-0.01
1963 Apr. 12.31,38131.81498,K1,,2,15,44,27.889,+1.063,-.023,S,-,15,27,27.55,-4.56,+0.69
1963 Apr. 13.34,38132.84693,Pe,W,2,16,34,32.429,+1.156,-.039,S,-,18,23,23.35,-3.60,-0.90
1963 Apr. 15.41,38134.91520,Sc,W,2,18,21,00.821,+1.278,-.089,N,-,21,38,11.88,-1.00,-0.25
1963 Jun. 1.02,38181.52902,To,W,1,12,8,41.038,+1.023,+.006,,,,,,,
1963 Jun. 5.14,38185.64524,Rh,W,1,15,12,16.922,+1.121,+.042,,-,13,9,39.15,-5.91,-0.41
1963 Jun. 7.20,38187.70928,,W,1,16,52,37.738,+1.190,-.131,N,-,19,25,25.69,-3.89,-0.18
1963 Jun. 12.38,38192.88830,Ka,W,2,21,30,50.618,+1.232,+.182,N,,,,,+4.88,+0.38
1963 Jul. 2.05,38212.55928,Rh,W,1,14,54,36.205,+1.090,+.065,N,,,,,-6.06,-0.37
1963 Jul. 5.15,38215.65608,Ga,W,1,17,26,12.545,+1.214,-.144,N,,,,,-3.10,-0.33
1963 Jul. 6.19,38216.69162,Rh,W,1,18,21,28.010,+1.248,-.096,N,-,21,56,33.65,-1.15,-0.15
1963 Jul. 8.26,38218.76543,To,W,2,20,15,55.997,+1.316,+.059,N,-,20,49,17.82,+2.22,+0.22
1963 Jul. 12.40,38222.90847,Ga,W,2,23,58,14.736,+1.204,+.026,,,,,,6.92,+0.79
1963 Aug. 2.10,38243.60186,Ga,E,1,17,58,18.387,+1.232,-.133,N,-,21,34,12.64,0.91,-0.02
1963 Aug. 3.13,38244.63822,K1,E,1,18,54,45.766,+1.343,+.006,S,-,22,7,56.18,-1.08,+0.36
1963 Aug. 5.21,38246.71321,Ka,E,1,20,50,55.005,+1.321,-.067,S,-,19,28,43.84,+3.46,+0.86
1963 Aug. 6.24,38247.75044,Ga,E,2,21,48,37.169,+1.208,+.149,N,-,16,18,10.28,+4.93,+0.46
1963 Aug. 8.32,38249.82251,Ga,E,2,23,40,34.449,+1.226,+.016,N,+,7,9,03.01,7.17,+0.66
1963 Aug. 9.28,38250.85759,KI,E,2,0,35,10.429,+1.271,+.005,N,-,1,44,49.91,+7.83,+0.42
1963 Aug. 11.42,38252.92817,To,E,2,2,24,58.443,+1.258,+.029,N,+,9,5,56.70,+6.66,+0.38
1963 Aug. 31.08,38272.58359,BI,E,1,19,26,15.804,+1.350,-.022,S,-,21,59,54.10,+1.89,+0.89
1963 Sep. 2.15,38274.65866,Rh,E,1,21,22,32.619,+1.332,-.027,S,-,17,54,20.72,+4.75,+0.32
1963 Sep. 7.34,38279.84126,Pe,E,2,2,5,55.017,+1.305,-.006,N,+,7,28,58.28,7.04,+0.25
1963 Sep. 8.37,38280.87834,Sc,E,2,3,3,24.614,+1.348,-.070,N,+,12,36,29.69,6.07,+0.07
1963 Sep. 9.41,38281.91647,KI,E,2,4,2,24.800,+1.403,+.010,,+,16,54,,,
1963 Sep. 25.95,38298.45695,Rh,W,1,18,5,54.335,+1.263,-.090,,-,22,3,,,
1963 Sep. 26.99,38299.49236,KI,W,,19,0,59.147,+1.298,+.010,,-,22,25,,,
1963 Sep. 28.02,38300.52874,To,W,1,19,57,27.286,+1.268,-.058,,-,21,35,,,
1963 Oct. 1.13,38303.63935,Ga,W,1,22,49,00.136,+1.307,+.027,,-,11,49,,,
1963 Oct. 2.17,38304.67595,KI,W,1,23,45,47.795,+1.385,-.026,,-,6,34,,,
1963 Oct. 3.21,38305.71261,Ga,W,2,0,42,40.316,+1.253,+.022,,,,,,,
1963 Oct. 4.24,38306.74972,To,W,2,1,40,11.925,+1.290,-.001,,+,5,5,48.28,+7.07,+0.57
1963 Oct. 5.28,38307.78770,K1,W,2,2,38,58.469,+1.416,+.038,N,+,10,42,10.92,+6.48,-0.01
1963 Oct. 6.32,38308.82681,Sc,W,2,3,39,23.482,+1.432,-.023,N,+,15,34,33.37,+5.92,+0.49
1963 Oct. 7.36,38309.86702,To,W,2,4,41,23.660,+1.425,-.052,N,+,19,19,59.70,+4.48,+0.10
1963 Oct. 8.40,38310.90786,Pe,W,2,5,44,19.123,+1.457,+.014,,+,21,41,,,
1963 Oct. 9.44,38311.94852,Ga,W,2,6,46,58.204,+1.448,+.035,S,+,22,33,05.48,+2.04,+0.75
1963 Oct. 24.93,38327.43929,Rh,,1,19,34,44.783,+1.334,-.014,S,-,22,20,41.29,+1.83,+0.52
1963 Oct. 27.01,38329.51085,Sc,E,1,21,25,57.902,+1.270,-.019,S,-,18,5,41.94,+5.12,+0.90
1963 Oct. 28.04,38330.54659,To,E,1,22,21,30.173,+1.359,+.027,S,-,14,16,25.73,+6.91,+0.69
1963 Oct. 29.08,38331.58226,KI,E,1,23,16,57.248,+1.281,+.025,S,+,9,29,52.51,+7.12,+0.36
1963 Oct. 31.15,38333.65468,B1,E,1,1,9,24.795,+1.334,+.005,,+,1,55,12.64,+8.10,+0.53
1963 Nov. 3.27,38336.77266,Sc,,,,,,,,N,+,17,51,48.46,+4.93,+0.30
1963 Nov. 4.31,38337.81494,To,,,5,16,35.206,+1.506,+.014,N,+,21,3,08.57,+3.20,-0.06
1963 Nov. 24.99,38358.49222,Ga,W,,22,53,23.224,+1.192,+.031,S,-,11,51,21.42,+6.60,+0.46
1963 Nov. 26.02,38359.52654,KI,W,1,23,46,53.429,+1.283,+.021,,-,6,48,30.90,+7.79,+0.41
1963 Nov. 28.09,38361.59717,To,,,1,36,45.713,+1.301,+.025,S,+,4,38,14.00,+7.39,+0.70
1963 Dec. 2.25,38365.76017,KI,,,,,,,,S,+,22,7,33.68,+2.30,+1.36
1963 Dec. 4.34,38367.84627,To,W,2,8,0,06.370,+1.437,+.008,S,,,,,-3.61,+0.44
1963 Dec. 6.42,38369.92260,To,W,2,9,58,12.612,+1.183,+.061,S,+,16,18,24.34,-6.00,+2.16
1963 Dec. 7.45,38370.95634,Po,W,,10,50,51.442,+1.143,+.073,S,+,12,8,38.68,-7.86,+0.97
1963 Dec. 8.48,38371.98774,Sc,W,2,11,40,08.744,+1.088,+.088,S,+,7,32,39.75,-6.87,+1.48
1963 Dec. 22.93,38386.43984,Sc,E,1,23,28,09.324,+1.257,+.020,S,-,8,46,30.31,+7.29,+0.38
1963 Dec. 27.07,38390.57940,Rh,E,1,3,5,26.585,+1.362,-.055,S,+,12,59,20.87,5.37,+1.16
1963 Dec. 28.11,38391.61904,To,,,4,4,06,,,S,+,17,33,14.68,+4.70,+0.22
1963 Dec. 29.16,38392.66111,KI,E,1,5,11,18.542,+1.520,-.168,S,+,20,55,44.73,3.45,+2.92
1963 Dec. 31.24,38394.74852,Ka,,2,7,25,24.968,+1.589,+.051,,+,22,46,,,
1964 Jan. 5.43,38399.93102,Sc,E,2,12,8,38.213,+1.123,+.092,S,+,4,43,44.52,-6.80,+1.37
1964 Jan. 6.46,38400.96080,To,E,2,12,55,34.443,+1.012,+.080,S,-,0,12,18.94,-7.11,+0.79
1964 Jan. 21.95,38416.45549,Ga,W,1,1,49,01.853,+1.254,-.003,S,+,5,50,01.69,+7.15,+0.65
1964 Jan. 22.99,38417.49068,BI,W,1,2,43,46.899,+1332,-.022,,+,11,7,43.05,+7.31,+0.96
1964 Jan. 26.10,38420.60891,Ka,W,1,5,46,19.647,+1.454,-.161,S,+,22,6,24.78,+1.32,+1.01
1964 Jan. 27.15,38421.65165,KI,W,1,6,51,59.014,+1.565,+.003,N,+,22,58,53.75,-0.65,+0.11
1964 Jan. 31.30,38425.80848,To,W,2,10,54,12.229,+1.233,+.097,S,+,11,51,33.32,7.40,+0.99
1964 Feb. 3.40,38428.90250,Ka,,2,13,21,47.459,+1.101,+.075,S,-,3,4,22.05,-7.20,+1.67
1964 Feb. 4.43,38429.93198,To,W,2,14,8,18.166,+0.982,+.010,S,-,7,49,55.83,-8.24,+0.72
1964 Feb. 5.46,38430.96164,Sc,W,2,14,55,04.082,+1.080,.000,S,-,12,11,53.71,-5.57,+0.01
1964 Feb. 20.97,38446.47967,BI,E,1,4,22,13.181,+1.415,-.035,S,+,18,42,06.11,+4.60,+0.53
1964 Feb. 22.01,38447.51955,Pe,E,1,5,23,44.627,+1.466,-.172,S,+,21,33,34.87,+1.55,+1.55
1964 Feb. 23.06,38448.56070,Sc,E,1,6,27,06.518,+1.547,-.034,N,+,22,57,57.99,-0.06,
1964 Feb. 24.10,38449.60209,To,,,7,30,49.348,+1.462,+.073,N,+,22,47,12.88,2.48,-0.16
1964 Feb. 25.14,38450.64253,KI,E,1,8,33,09.029,+1.497,+.079,,+,21,4,00.56,-4.26,+0.10
1964 Feb. 26.18,38451.68105,Ka,E,1,9,32,43.135,+1341,+.024,N,+,18,1,04.16,-6.07,-0.95
1964 Feb. 27.21,38452.71724,KI,E,1,10,28,54.408,+1.263,+.013,,,,,,-6.61,-0.83
1964 Mar. 1.31,38455.81390,To,E,2,13,0,18.350,+1.129,+.087,S,-,0,58,12.76,-7.05,+1.01
1964 Mar. 2.34,38456.84391,Sc,E,2,13,47,35.490,+1.091,+.022,S,-,5,56,49.16,-6.93,+1.92
1964 Mar. 6.46,38460.96766,KI,E,2,17,2,02.667,+1.147,-.059,S,-,20,50,26.87,-3.79,+0.22
1964 Mar. 24.09,38478.59327,K1,W,1,9,12,24.733,+1.400,+.018,,,,,,-5.55,-0.98
1964 Mar. 25.12,38479.62940,Ga,W,1,10,8,31.391,+1.296,+.019,N,+,15,39,07.74,-6.83,-1.35
1964 Mar. 27.19,38481.69552,Rh,W,1,11,51,52.690,+1.169,+.002,N,+,6,13,43.17,-8.21,-0.04
1964 Mar. 29.25,38483.75649,Sc,W,2,13,27,48.063,+1.111,+.047,S,-,4,1,14.74,7.41,+1.66
1964 Mar. 31.31,38485.81667,Rh,W,2,15,2,34.732,+1.104,-.011,S,-,13,17,07.82,-5.76,-0.53
1964 Apr. 2.37,38487.87958,To,,2,16,41,18.348,+1.149,+.005,S,-,20,7,37.75,4.24,-0.34
1964 Apr. 4.44,38489.94670,Pe,W,2,18,26,06.537,+1.207,-.097,N,-,23,20,16.68,-0.41,+0.33
1964 Apr. 23.11,38508.61063,BI,,1,11,35,45.262,+1.106,-.005,N,,,,,8.90,-0.18
1964 Apr. 25.17,38510.67115,Pe,,1,13,11,01.947,+1.105,+.023,N,-,2,12,13.69,-7.37,-0.96
1964 Apr. 26.20,38511.70076,Sc,E,1,13,57,43.254,+1.144,+022,N,,,,,-7.04,-0.96
1964 Apr. 27.23,38512.73064,Ka,E,2,14,44,49.100,+1.088,+.005,N,-,11,47,34.79,-5.52,-0.39
1964 May. 20.02,38535.52665,Sc,,1,11,20,56.861,+1.148,-013,N,+,9,39,49.26,-6.48,-0.27
1964 May. 21.05,38536.55764,B1,W,1,12,9,38.288,+1.078,-.011,N,,,,,-8.80,-0.22
1964 May. 22.08,38537.58745,Ga,W,1,12,56,37.096,+1.135,+.027,N,-,0,30,31.49,-7.47,-0.51
1964 May. 23.11,38538.61676,Pe,,1,13,42,53.374,+1.095,+.045,N,-,5,32,21.77,-7.61,-0.71
1964 May. 24.14,38539.64621,Sc,W,1,14,29,20.985,+1.064,+016,N,-,10,17,15.99,-6.85,-0.90
1964 May. 26.20,38541.70740,Pe,W,1,16,5,35.861,+1.145,+.102,N,-,18,14,15.27,-4.87,+0.03
1964 May. 27.23,38542.73970,Sc,W,2,16,56,10.154,+1.151,-.056,S,-,21,5,23.64,-3.48,-0.12
1964 May. 28.27,38543.77312,Pe,W,2,17,48,22.022,+1.220,-.029,,-,22,58,42.02,1.58,+0.33
1964 May. 30.34,38545.84194,Ga,W,2,19,35,37.770,+1.247,-006,N,-,23,25,40.07,2.04,+0.54
1964 Jun. 20.06,38566.56224,BI,E,1,14,14,33.086,+1.078,+.031,N,-,8,45,40.41,-7.23,-1.06
1964 Jun. 22.12,38568.62260,Ga,,1,15,49,35.355,+1.091,+.015,N,-,17,6,03.96,4.76,-0.10
1964 Jun. 23.15,38569.65441,Pe,E,1,16,39,27.887,+1.143,-.003,N,-,20,14,23.66,-3.65,+0.03
1964 Jun. 26.25,38572.75625,BI,E,2,19,18,20.913,+1.237,-.040,,-,23,40,,,
1964 Jun. 27.29,38573.79092,To,E,2,20,12,21.532,+1.341,+.051,N,-,22,32,16.65,+2.63,+0.07
1964 Jun. 28.32,38574.82507,Sc,E,2,21,5,36.635,+1.246,+.140,N,-,20,15,59.76,+4.70,+0.22
1964 Jun. 29.35,38575.85840,To,E,2,21,57,40.835,+1.145,+.177,N,-,16,58,41.33,+4.38,+0.46
1964 Jun. 30.39,38576.89092,Ga,E,2,22,48,34.401,+1.188,+.154,N,-,12,49,22.72,6.21,+0.40
1964 Jul. 20.06,38596.56872,To,W,1,16,22,11.213,+1.016,-.078,N,-,19,17,18.34,4.73,-0.18
1964 Jul. 21.10,38597.60136,K1,W,1,17,13,15.446,+1.202,-.064,N,-,21,50,18.21,-2.60,+0.52
1964 Jul. 27.30,38603.80634,To,W,,22,32,54.287,+1.137,+.135,N,-,14,7,19.66,6.18,+0.43
1964 Jul. 29.37,38605.87038,KI,,,,,,,,N,,,,,7.54,+0.57
1964 Aug. 18.04,38625.54765,Rh,E,1,17,46,05.923,+1.189,-.157,N,-,23,2,53.78,-1.75,+0.35
1964 Aug. 19.08,38626.58203,KI,E,1,18,39,41.611,+1.222,-.079,,-,23,52,22.28,-1.71,+0.10
1964 Aug. 20.11,38627.61697,Rh,E,1,19,34,05.066,+1.289,-.053,S,-,23,31,11.85,+1.36,+0.39
1964 Aug. 22.18,38629.68641,K1,E,1,21,22,14.475,+1.248,-.044,,-,19,16,25.00,4.79,+0.70
1964 Aug. 23.22,38630.72014,Se,E,2,22,14,52.485,+1.226,+.123,S,-,15,33,27.05,6.12,+0.69
1964 Aug. 26.31,38633.81773,To,E,2,0,47,37.279,+1.140,+.114,N,-,0,17,07.65,+8.35,+0.48
1964 Sep. 16.02,38654.52791,Rh,W,1,19,11,56.348,+1.307,-.031,S,-,24,0,18.10,-0.03,+0.54
1964 Sep. 17.06,38655.56276,Rh,W,1,20,6,11.838,+1.256,-.095,S,-,22,54,56.10,+2.78,+0.74
1964 Sep. 18.09,38656.59736,K1,W,1,21,0,06.473,+1.260,-.068,S,-,20,39,01.12,+3.95,+0.45
1964 Sep. 22.23,38660.73064,Ga,W,2,0,28,19.106,+1.196,+.082,S,-,2,20,02.38,8.52,+0.18
1964 Sep. 24.29,38662.79816,Rh,W,2,2,13,42.372,+1.264,+.117,N,,,,,+7.59,+0.59
1964 Sep. 25.33,38663.83403,KI,W,2,3,9,26.374,+1.346,+.072,N,+,14,28,49.46,6.99,+0.16
1964 Sep. 27.41,38665.91182,Sc,W,2,5,9,38.938,+1.502,-.045,,+,22,11,,,
1964 Oct. 12.93,38681.43877,Ad,E,1,18,49,40.402,+1.335,-.035,S,-,24,21,56.22,+0.72,+0.15
1964 Oct. 13.97,38682.47333,Pe,E,1,19,43,31.251,+1.269,-.060,S,-,23,46,08.29,+2.39,+0.72
1964 Oct. 15.00,38683.50768,Sc,E,1,20,37,03.503,+1.336,-.046,S,-,21,59,54.15,+3.10,+0.90
1964 Oct. 19.14,38687.64044,To,E,1,0,4,31.312,+1.200,+.001,S,-,5,2,02.98,7.68,+0.26
1964 Oct. 21.20,38689.70802,P.,,2,1,49,59.796,+1.294,+.148,S,+,6,46,45.31,+7.83,+0.77
1964 Oct. 23.28,38691.78229,Rh,,2,3,45,07.579,+1.430,-.022,N,+,17,30,31.24,+6.11,+0.73
1964 Oct. 24.32,38692.82279,To,E,2,4,47,32.594,+1.488,-.074,N,+,21,24,19.19,+3.69,+0.28
1964 Oct. 25.36,38693.86503,Sc,E,2,5,52,29.035,+1.619,+001,N,+,23,47,45.64,+1.63,+0.37
1964 Oct. 27.44,38695.94984,Ga,E,2,8,2,49.552,+1.460,.000,S,+,23,22,12.05,-3.50,+1.26
1964 Oct. 28.48,38696.98978,Sc,E,2,9,4,26.391,+1.381,+.015,S,+,20,44,30.47,-5.86,-1.36
1964 Nov. 10.91,38710.41917,Ga,W,1,20,15,42.318,+1.250,-.079,,-,23,3,22.88,+2.34,+1.16
1964 Nov. 11.95,38711.45271,Ga,W,1,21,8,04.852,+1.233,-.054,,-,20,38,59.70,+3.68,+0.80
1964 Nov. 14.01,38713.51770,Pe,W,1,22,49,48.071,+1.148,+.026,,-,12,55,03.24,+5.99,+0.58
1964 Nov. 15.04,38714.54965,Sc,W,1,23,39,52.654,+1.151,+.026,S,-,7,52,05.65,+7.31,+0.36
1964 Nov. 16.08,38715.58192,To,,,0,0,30,,,,-,2,15,49.31,+9.30,+0.53
1964 Nov. 18.15,38717.65023,Ad,W,1,2,16,56.547,+1.360,-.053,S,+,9,35,19.62,8.49,+0.79
1964 Nov. 22.31,38721.81554,Sc,W,2,6,31,24.807,+1.680,-.007,,+,24,31,46.99,-0.26,+0.02
1964 Nov. 23.35,38722.85974,To,W,2,7,39,10.423,+1.481,+.030,S,+,24,6,59.25,-3.22,+0.38
1964 Nov. 24.40,38723.90194,Pe,W,2,8,44,03.224,+1.495,+.018,S,+,21,56,44.17,-6.25,-0.44
1964 Dec. 12.99,38742.49242,Sc,E,1,1,7,38.410,+1.198,+.027,S,-,4,54,41.39,8.06,+0.45
1964 Dec. 15.05,38744.55694,Pe,E,1,2,48,41.317,+1.237,-.003,S,+,6,31,41.62,8.37,+0.92
1964 Dec. 16.09,38745.59216,Ga,E,1,2,43,28.814,+1.373,-.058,S,+,12,12,14.83,+7.31,+1.04
1964 Dec. 17.13,38746.63039,Ad,E,1,3,42,38.094,+1.467,-.074,S,+,17,20,31.61,+5.60,+0.92
1964 Dec. 19.21,38748.71652,Rh,E,2,5,54,52.801,+1.693,-.013,N,,,,,1.75,+0.47
1964 Dec. 23.38,38752.88872,Rt,E,2,10,19,17.526,+1.341,+.074,,+,15,43,00.62,-6.79,+2.03
1965 Jan. 12.00,38772.50098,Sc,W,1,2,18,16.665,+1.296,-.054,S,+,9,45,27.47,7.27,+0.91
1965 Jan. 13.03,38773.53626,KI,W,1,3,13,09.635,+1.410,-.083,S,+,14,59,48.36,6.67,+1.04
1965 Jan. 15.11,38775.61670,Rh,W,1,5,17,11.907,+1.578,-.138,S,+,22,50,35.23,+2.39,+1.27
1965 Jan. 21.36,38781.86792,To,W,2,11,43,35.969,+1.264,+.084,,+,7,25,28.83,8.19,+1.19
1965 Jan. 22.40,38782.90100,Rh,W,2,12,35,18.143,+1.203,+.067,S,+,1,38,12.64,9.42,+0.95
1965 Feb. 14.15,38805.65334,Sc,E,1,8,8,23.380,+1.692,-.011,N,+,23,23,25.54,-4.73,-0.23
1965 Feb. 16.23,38807.73675,Rh,E,2,10,16,42.090,+1.445,+.063,N,+,15,46,18.26,-8.82,-1.22
1965 Feb. 20.37,38811.87464,To,E,2,13,51,34.447,+1.235,+085,S,-,7,14,17.12,-9.03,+2.29
1965 Feb. 23.47,38814.97096,Sc,E,2,16,22,29.249,+1.246,+.039,S,-,20,25,39.75,-4.90,-1.01
1965 Mar. 10.97,38830.47553,Rh,W,1,5,30,12.336,+1.527,-.150,S,+,23,42,42.52,+1.54,-0.25
1965 Mar. 12.01,38831.51756,To,W,1,6,34,49.745,+1.583,-.149,N,+,24,54,44.43,-0.55,+0.15
1965 Mar. 13.06,38832.56041,Ga,,1,7,40,39.269,+1.567,+.040,N,+,24,20,31.81,-2.98,-0.21
1965 Mar. 14.10,38833.60262,Sc,,1,9,45,32.446,+1.467,+.064,N,+,22,0,29.23,-4.94,-0.34
1965 Mar. 15.14,38834.64300,Ki,W,1,9,47,46.915,+1.408,+.028,N,+,18,8,11.91,-6.82,-0.74
1965 Mar. 16.18,38835.68101,To,W,1,10,46,36.993,+1.278,+.020,N,+,13,6,27.19,-7.82,-0.46
1965 Apr. 11.05,38861.55439,Sc,E,,9,26,16.972,+1.486,+040,N,+,19,50,41.98,-6.34,-0.92
1965 Apr. 13.12,38863.62757,Rh,E,1,11,19,50.538,+1.241,-.001,N,+,9,52,02.52,-8.18,+0.17
1965 Apr. 14.16,38864.66133,Ga,E,1,12,12,32.042,+1.235,+.008,,+,3,59,00.59,9.66,-0.05
1965 Apr. 15.19,38865.69401,Gv,E,1,13,3,39.555,+1.228,+.026,N,-,2,0,54.10,-9.75,-1.28
1965 Apr. 18.29,38868.79171,Sc,E,2,15,36,33.552,+1.274,+.024,S,-,17,40,49.23,-6.05,+0.81
1965 Apr. 21.39,38871.89517,KI,E,2,18,17,46.972,+1.286,-.032,N,-,25,6,34.56,-0.50,-0.02
1965 May. 10.04,38890.54206,To,E,1,11,2,49.358,+1.300,11 02 49358 +1300 +016  +11 46 54.87 +.016,,,,,,-8.23,-0.10
1965 May. 13.13,38893.63937,Sc,,1,13,35,09.456,+1.194,+.041,N,-,5,37,10.34,-7.49,-0.62
1965 May. 14.17,38894.67108,To,,,14,24,52.614,+1.198,+.013,N,-,11,5,15.10,-8.01,-0.41
1965 May. 15.20,38895.70342,Gv,E,1,15,15,31.311,+1.306,+.082,N,-,15,57,19.98,-7.15,+0.03
1965 May. 16.23,38896.73673,Sc,E,2,16,7,33.667,+1.333,+.049,S,-,19,59,34.90,-5.37,-1.57
1965 May. 18.30,38898.80611,Gv,E,2,17,55,37.637,+1.308,-.005,S,-,24,49,34.87,-2.24,+0.35
1965 May. 19.34,38899.84138,Ga,E,2,18,50,29.970,+1.400,-.022,N,-,25,23,33.17,+1.00,+0.08
1965 May. 20.37,38900.87622,Sc,E,2,19,44,45.370,+1.246,-.007,,-,24,42,,,
1965 Jun. 8.02,38919.52364,KI,W,1,12,30,32.879,+1.214,+.018,N,+,2,1,33.73,-8.69,-0.43
1965 Jun. 13.18,38924.68389,Sc,W,1,16,41,39.185,+1.143,-.015,N,-,22,2,23.45,-1.33,-0.03
1965 Jun. 14.21,38925.71851,To,W,2,17,35,35.928,+1.319,-.014,S,-,24,17,58.51,-3.53,+0.47
1965 Jun. 15.25,38926.75370,Gv,W,2,18,30,20.878,+1.320,-.025,S,-,25,19,53.04,0.73,+1.81
1965 Jul. 9.06,38950.56545,Rh,E,1,15,33,08.394,+1.172,+.063,N,-,17,28,35.68,-5.58,+0.36
1965 Jul. 13.20,38954.70243,He,E,1,19,6,42.611,+1.347,-.042,S,-,25,17,37.58,+1.16,+0.72
1965 Jul. 14.23,38955.73701,To,,,20,20,00,,,S,-,24,13,13.69,+2.34,+0.96
1965 Jul. 16.30,38957.80267,To,E,2,21,43,16.207,+1.211,+.085,N,-,18,46,38.75,+5.78,+0.69
1965 Aug. 6.01,38978.51310,Ga,W,1,16,7,56.938,+1.293,+.042,N,-,20,12,42.70,-4.87,+0.48
1965 Aug. 7.04,38979.54696,Rh,W,1,17,0,47.200,+1.298,+.037,N,,,,,-2.60,+0.79
1965 Aug. 8.08,38980.58158,Ho,W,1,17,54,43.250,+1.227,-.012,,-,24,54,,,
1965 Aug. 10.15,38982.65127,KI,W,1,19,43,13.893,+1.283,-.102,,-,24,44,00.71,+1.11,+0.72
1965 Aug. 11.18,38983.68515,Gv,W,1,20,36,05.365,+1.252,-.025,S,-,22,49,55.32,+3.86,+0.86
1965 Aug. 12.21,38984.71778,Ga,W,2,21,27,09.195,+1.187,+.066,S,-,19,52,19.53,+5.00,+0.80
1965 Aug. 13.24,38985.74906,Gv,W,2,22,16,15.414,+1.180,+.067,S,-,16,1,22.25,+5.66,+0.71
1965 Aug. 15.30,38987.80842,Ho,W,2,23,49,51.387,+1.098,+.085,,,,,,,
1965 Sep. 3.99,39007.49478,Du,E,,17,35,50.068,+1.230,+.038,,-,24,39,,,
1965 Sep. 7.09,39010.59913,Sv,,1,20,18,20.102,+1.267,-.054,S,-,23,43,46.40,+2.80,+1.21
1965 Sep. 10.19,39013.69455,Du,E,1,22,47,56.416,+1.168,-.010,S,-,13,2,20.97,6.94,+0.43
1965 Sep. 11.22,39014.72423,KI,E,2,23,34,44.647,+1.083,+.042,S,-,8,2,24.74,+7.43,+0.06
1965 Sep. 16.37,39019.87936,Gv,E,2,3,38,26.863,+1.234,-.100,N,+,18,29,27.87,+5.54,+1.01
1965 Oct. 2.97,39036.47697,To,W,1,19,4,26.997,+1.275,-.037,S,-,25,47,19.18,2.04,+0.82
1965 Oct. 4.01,39037.51174,Gv,W,1,19,58,35.330,+1.118,-.110,,-,24,39,52.41,+2.03,+1.03
1965 Oct. 6.07,39039.57753,KI,W,1,21,41,28.307,+1.143,-.019,,-,19,3,34.14,6.44,+0.70
1965 Oct. 7.10,39040.60847,Rh,W,1,22,30,06.142,+1.250,+.014,S,-,14,53,24.10,6.75,+0.64
1965 Oct. 9.16,39042.66798,Rh,W,1,0,3,54.827,+1.125,-.008,S,,,,,7.80,+0.11
1965 Oct. 15.36,39048.86923,Du,W,2,5,18,09.576,+1.421,-.104,N,+,24,26,50.10,+1.61,-0.36
1965 Oct. 30.92,39064.42275,Rh,W,1,19,36,33.504,+1323,-.088,S,,,,,+1.91,+0.55
1965 Nov. 1.98,39066.48984,Sv,W,1,21,21,18.418,+1.202,-.005,,-,20,41,12.41,+4.39,+0.87
1965 Nov. 3.02,39067.52112,Rh,W,1,22,10,25.173,+1.105,-.001,,-,16,50,48.91,+5.99,+0.69
1965 Nov. 4.05,39068.55123,Du,W,1,22,57,50.537,+1.145,+.003,,-,12,15,53.99,+7.01,+0.40
1965 Nov. 5.08,39069.58067,Sv,W,1,23,44,17.614,+1.070,-.009,S,+,7,6,28.01,+6.36,+0.09
1965 Nov. 6.11,39070.61006,Rh,W,1,0,30,40.474,+1.119,+.001,S,+,1,32,49.07,+7.79,+0.29
1965 Nov. 7.14,39071.64011,Sv,W,1,1,17,59.729,+1.140,+.029,S,+,4,13,14.15,+8.32,+0.58
1965 Nov. 10.24,39074.74139,Du,E,2,3,56,04.438,+1.430,-.015,N,+,20,3,30.21,+5.16,+0.10
1965 Nov. 15.44,39079.94805,Gv,E,2,9,14,12.131,+1.521,+.031,S,+,21,12,22.52,-6.53,-0.78
1965 Nov. 29.93,39094.43345,Rh,E,1,21,50,16.447,+1.205,-.018,S,-,18,35,50.52,+5.81,+0.68
1965 Dec. 1.99,39096.49300,Gv,E,1,23,24,09.251,+1.115,-.006,,,,,,+7.54,+0.23
1965 Dec. 6.11,39100.61361,To,,,2,34,04.522,+1.199,-.062,,+,12,48,22.77,+7.26,+0.59
1965 Dec. 8.18,39102.68709,Gv,E,1,4,28,03.727,+1.513,-.016,,+,22,8,,,
1965 Dec. 29.93,39124.43496,Du,W,1,23,50,43.881,+1.083,-.009,S,+,6,17,01.83,+8.58,+0.21
1965 Dec. 30.96,39125.46328,K1,W,1,0,35,34.194,+1.028,+.014,S,-,0,52,07.04,6.43,+0.56
1966 Jan. 4.09,39129.59152,KI,=,,,,,,,S,+,20,8,42.28,+5.18,+1.11
1966 Jan. 7.21,39132.71960,Rh,W,2,7,13,17.393,+1.704,-.050,N,+,25,52,57.62,-2.49,+0.20
1966 Jan. 9.30,39134.80757,Gv,W,2,9,28,11.859,+1.584,+.004,S,+,20,8,15.45,-8.41,-0.72
1966 Jan. 12.41,39137.91866,KI,,,12,20,25.501,+1.244,+.089,,+,2,37,49.77,-10.43,+1.21
1966 Jan. 15.51,39141.01680,Du,,,14,14,53,,,S,-,14,57,25.63,-7.92,+0.27
1966 Mar. 2.02,39186.52460,Du,E,1,6,4,37.262,+1.492,-.063,N,+,26,7,49.18,+1.74,-0.15
1966 Mar. 3.06,39187.56750,Gv,E,1,7,10,30.559,+1.623,+.030,,+,26,10,,,
1966 Mar. 4.11,39188.61111,Rh,E,1,8,17,25.369,+1.631,-.014,N,+,24,16,12.40,-4.62,+0.15
1966 Mar. 7.23,39191.73288,KI,E,2,11,25,04.686,+1.483,+.045,N,+,8,53,26.75,9.25,-0.45
1966 Mar. 8.26,39192.76942,Du,E,2,12,21,46.344,+1.404,+.082,S,+,2,4,10.18,-10.79,+1.48
1966 Mar. 9.30,39193.80477,Gv,E,2,13,16,45.706,+1.330,+.052,S,+,4,43,57.75,-9.26,+2.27
1966 Mar. 11.37,39195.87483,Rh,E,2,15,5,48.313,+1.369,+.033,,-,16,36,,,
1966 Mar. 29.97,39214.47673,Du,E,1,6,45,53.628,+1.563,-.089,,+,26,36,,,
1966 Apr. 1.06,39216.56031,To,,1,8,54,27.440,+1.573,+.063,N,+,22,33,19.90,-5.76,-0.59
1966 Apr. 3.13,39218.63869,Gv,E,1,10,55,31.476,+1.429,-.026,N,+,12,15,23.91,-9.80,-0.74
1966 Apr. 10.39,39225.89306,Gv,E,2,17,30,25.040,+1.449,+.019,,-,25,40,,,
1966 Apr. 11.43,39226.93072,KI,E,2,18,28,44.135,+1.423,-.001,,-,26,40,,,
1966 May. 29.03,39274.53348,Rh,E,1,12,4,23.128,+1.336,+005,N,+,4,17,31.47,-10.11,-0.78
1966 Jun. 1.13,39277.63483,KI,E,1,14,42,33.515,+1.361,+.060,N,-,14,33,48.22,-7.17,+0.02
1966 Jun. 3.20,39279.70793,,E,1,16,35,59.515,+1.521,+.025,S,-,23,27,36.25,-4.92,-0.58
1966 Jun. 5.28,39281.78493,Sv,E,2,18,35,04.290,+1.492,-.029,S,-,26,45,32.69,1.84,+0.92
1966 Jun. 6.32,39282.82261,Gv,E,2,19,33,24.687,+1.443,+.028,N,-,26,5,46.02,2.36,+0.56
1966 Jun. 28.04,39304.54865,Rh,E,1,14,24,34.151,+1.320,+.012,N,-,12,46,22.63,8.18,-0.07
1966 Jun. 30.11,39306.61924,Rh,E,1,16,14,23.492,+1.478,+088,N,-,22,13,32.57,-3.97,+0.56
1966 Jul. 1.15,39307.65667,He,E,1,17,12,22.685,+1.482,+.070,,-,25,8,,,
1966 Jul. 3.23,39309.73277,Du,E,2,19,10,08.582,+1.483,-019,,-,26,29,23.42,+0.08,+1.30
1966 Jul. 4.26,39310.76936,To,,2,20,6,54.801,+1.386,+.003,,-,24,57,29.44,+2.82,+1.20
1966 Aug. 1.21,39338.71696,Gv,W,1,20,41,38.680,+1.354,-.029,,-,23,16,,,
1966 Aug. 2.24,39339.74989,Lz,W,2,,,,+1.198,-.005,,-,19,48,,,
1966 Aug. 4.30,39341.80984,He,W,2,23,7,35.467,+1.085,-.003,,-,10,38,,,
1966 Aug. 23.98,39361.48394,La,E,1,16,35,51.820,+1.545,+.051,,-,23,51,,,
1966 Aug. 25.02,39362.52145,KI,E,1,17,33,58.374,+1.525,+.029,,-,26,9,,,
1966 Aug. 26.05,39363.55909,Ga,E,1,18,32,15.868,+1.457,+.008,S,-,26,56,49.32,-0.70,+1.44
1966 Aug. 27.09,39364.59599,He,E,1,19,29,28.759,+1.398,.000,S,-,26,16,03.00,+2.14,+0.71
1966 Aug. 28.13,39365.63135,Rh,E,1,20,24,28.814,+1.293,-.039,S,-,24,14,35.44,+3.91,+1.19
1966 Aug. 29.16,39366.66472,To,E,1,21,16,36.361,+1.225,-.019,S,-,21,4,39.68,+5.71,+0.43
1966 Aug. 30.19,39367.69603,He,E,1,22,5,46.044,+1.224,-.017,S,-,17,0,25.19,+7.26,+0.50
1966 Sep. 1.25,39369.75377,Gv,E,2,23,37,00.720,+1.051,-.007,,,,,,,
1966 Sep. 2.28,39370.78125,He HeE2,,2,0,20,38.031,+1.050,+.051,N,-,1,36,56.26,7.25,-0.03
1966 Sep. 3.30,39371.80866,To,E,2,1,4,09.251,+1.074,+.111,,+,3,54,,,
1966 Sep. 23.00,39391.50970,Rh,W,1,19,11,20.184,+1.247,-.024,S,-,26,50,45.90,-0.57,+0.99
1966 Sep. 24.04,39392.54579,Du,W,1,20,7,23.320,+1.252,+.007,S,-,25,11,47.53,+2.70,+1.14
1966 Sep. 30.22,39398.72511,Du,W,2,0,49,58.340,+1.148,+.088,S,+,2,11,46.86,+6.67,+0.04
1966 Oct. 3.31,39401.81270,To,W,2,3,8,16.362,+1.291,+.034,N,+,17,54,16.45,+6.36,-0.20
1966 Oct. 4.34,39402.84578,Gv,W,2,3,59,59.049,+1.225,-.066,,+,22,2,08.03,4.16,-0.14
1966 Oct. 7.46,39405.96002,KI,W,2,6,56,46.509,+1.534,-.061,,+,27,9,,,
1966 Oct. 21.99,39420.49339,Gv,W,1,20,42,07.043,+1.303,-.017,,-,23,36,,,
1966 Oct. 23.02,39421.52622,,W,1,21,33,27.351,+1.220,-.007,,-,20,3,,,
1966 Oct. 24.05,39422.55682,Gv,W,1,22,21,35.020,+1.131,-.020,,-,15,41,,,
1966 Oct. 27.14,39425.64095,Rh,W,1,0,34,53.383,+1.052,+.016,S,,,,,+7.88,-0.09
1966 Oct. 28.16,39426.66868,Ga,W,1,1,18,52.343,+1.129,+.019,,+,5,50,54.66,+7.60,+0.30
1966 Oct. 29.19,39427.69741,To,,1,2,4,18.149,+1.144,-.058,S,+,11,19,28.09,+7.15,+0.76
1966 Oct. 30.22,39428.72781,Du,W,2,2,52,08.832,+1.141,+.077,N,+,16,25,26.12,+6.91,-0.09
1966 Oct. 31.26,39429.76046,To,W,2,3,43,14.040,+1.269,-.062,N,+,20,52,50.08,+6.89,+0.41
1966 Nov. 1.29,39430.79569,Ga,W,,4,38,02.822,+1.350,-.012,,+,24,23,,,
1966 Nov. 18.93,39448.43847,Ga,E,,21,13,12.362,+1.332,-.011,S,-,21,37,13.40,+4.22,+0.37
1966 Nov. 19.97,39449.47031,Cr,E,1,22,3,07.448,+1.185,-.021,S,-,17,29,22.52,+6.60,+0.38
1966 Nov. 20.99,39450.49998,Gv,E,1,22,49,54.043,+1.054,+.002,,-,12,42,03.80,+7.52,-0.14
1966 Nov. 22.02,39451.52815,Du,E,1,23,34,31.428,+1.114,.000,S,-,7,27,52.46,+7.75,-0.25
1966 Nov. 23.05,39452.55558,KI,E,1,0,18,04.504,+1.099,+.016,,-,1,57,16.86,+9.23,-0.24
1966 Nov. 24.08,39453.58304,Rh,E,1,1,1,40.172,+1.129,+.018,,+,3,39,56.69,8.35,+0.17
1966 Nov. 25.11,39454.61130,Cr,E,1,1,46,25.351,+1.176,-.026,S,+,9,13,31.91,+8.10,+0.45
1966 Nov. 27.17,39456.67319,Gv,E,1,3,23,40.296,+1.250,-.082,,+,19,17,40.21,+6.50,+1.35
1966 Dec. 18.94,39478.44159,Ga,E,1,23,15,59.692,+1.133,.004,S,,,,,+7.37,-0.23
1966 Dec. 19.96,39479.46927,Du,,1,23,59,54.115,+1.046,+.016,S,-,4,8,21.83,+8.75,-0.23
1966 Dec. 22.02,39481.52415,Gv,E,1,1,27,01.659,+1.132,+.003,S,+,6,59,15.53,+8.45,+0.40
1966 Dec. 23.05,39482.55300,,,,2,12,37.462,+1.170,-.055,,+,12,22,06.26,+8.31,+0.93
1966 Dec. 27.19,39486.69374,KI,E,1,5,51,37.707,+1.595,-.148,N,+,26,55,10.35,+0.76,+0.03
1966 Dec. 28.23,39487.73525,Gv,E,2,6,55,30.577,+1.608,-.062,,+,27,8,55.40,-2.48,-0.38
1967 Jan. 2.42,39492.92643,Du,E,2,11,51,16.554,+1.313,-.005,,+,5,6,44.91,-9.47,+1.40
1967 Jan. 17.93,39508.43732,Cr,W,1,1,8,06.079,+1.107,+.029,,+,4,53,,,
1967 Jan. 18.96,39509.46524,Du,W,1,1,52,21.813,+1.090,-.040,,+,10,18,,,
1967 Jan. 19.99,39510.49469,,W,1,2,38,50.052,+1.181,-.052,,+,15,24,46.81,+5.97,+0.44
1967 Jan. 21.02,39511.52647,Ga,W,,3,28,39.455,+1.269,-.058,,+,19,58,53.27,+5.30,+1.57
1967 Jan. 23.09,39513.59915,KI,W,1,5,21,30.187,+1.550,-.015,,+,26,17,,,
1967 Jan. 24.13,39514.63988,Rh,,1,6,24,15.203,+1.637,-131,N,+,27,19,41.41,-0.59,-0.32
1967 Jan. 26.22,39516.72424,Rh,W,2,8,33,56.752,+1.556,-.025,N,+,23,52,14.79,-5.61,-0.49
1967 Jan. 27.26,39517.76474,Gv,W,2,9,36,22.319,+1.441,-.044,,+,19,30,,,
1967 Jan. 30.37,39520.87379,To,,,13,12,25,,,S,,,,,-10.72,+2.12
1967 Jan. 31.40,39521.90787,K1,W,2,13,18,48.038,+1.345,+.028,,-,6,22,16.41,-10.09,+2.02
1967 Feb. 1.44,39522.94225,Ga,,2,14,12,23.370,+1.486,+.025,S,-,12,43,52.12,-10.01,+0.29
1967 Feb. 16.93,39538.43782,Rh,E,1,3,7,05.998,+1.201,-.074,S,+,18,25,41.35,+5.90,-0.32
1967 Feb. 20.04,39541.54471,Cr,E,1,5,53,16.419,+1.502,-.065,,+,27,15,,,
1967 Feb. 22.12,39543.62736,Gv,E,1,8,0,30.631,+1.567,+.016,N,+,25,35,50.45,-3.40,-0.34
1967 Feb. 24.20,39545.70848,Cr,E,1,10,5,31.100,+1.446,+.015,,+,16,51,22.19,-9.29,-0.41
1967 Feb. 25.24,39546.74640,To,E,2,11,4,13.204,+1.363,+.001,N,+,10,30,37.29,-10.08,-0.74
1967 Feb. 26.28,39547.78279,Gv,E,2,12,0,42.271,+1.430,-.002,,+,3,29,,,
1967 Feb. 27.31,39548.81834,Ga,E,2,12,55,59.156,+1.475,+.037,S,-,3,42,25.30,-11.27,+2.19
1967 Mar. 1.39,39550.89019,Cr,E,2,14,47,36.758,+1.453,-.009,S,-,16,42,01.71,-10.36,+0.05
1967 Mar. 3.46,39552.96650,Gv,E,2,16,45,41.344,+1.693,+.023,S,-,25,16,23.61,-5.95,-0.34
1967 Mar. 18.95,39568.45376,Cr,E,1,5,28,24.019,+1.486,+.002,,+,26,56,,,
1967 Mar. 19.99,39569.49257,Gv,E,1,6,28,22.725,+1.494,-.036,N,+,27,43,48.72,-0.17,-0.33
1967 Mar. 25.18,39574.68800,Rh,E,1,11,30,17.522,+1.438,-.004,N,+,7,21,07.43,-11.66,-0.73
1967 Mar. 27.26,39576.76055,Ga,E,2,13,22,55.485,+1.450,-.008,S,+,7,14,31.23,-11.11,+2.12
1967 Mar. 30.37,39579.87597,K1,E,2,16,21,25.276,+1.555,+.048,S,-,24,12,34.59,-5.68,-0.59
1967 Mar. 31.41,39580.91679,Ga,E,2,17,24,18.401,+1.658,+.039,,-,26,53,,,
1967 Apr. 1.45,39581.95745,Cr,E,2,18,26,57.695,+1.579,-.004,,-,27,47,,,
1967 Apr. 21.09,39601.59462,Gv,W,1,11,1,54.015,+1.427,-.012,,+,10,52,,,
1967 Apr. 23.16,39603.66577,Rh,W,,12,52,31.018,+1.406,+.014,,-,3,19,,,
1967 Apr. 24.20,39604.70227,KI,W,1,13,49,10.097,+1.478,+.046,,-,10,28,,,
1967 Apr. 28.36,39608.86481,To,W,2,17,59,38.319,+1.710,+.017,,-,27,40,,,
1967 Apr. 29.40,39609.90624,Ga,W,2,19,3,24.307,+1.608,-.036,,-,27,33,,,
1967 May. 19.04,39629.54029,Du,W,1,11,33,50.377,+1.360,-025,N,+,6,55,25.33,-10.21,-0.41
1967 May. 24.22,39634.72549,Cr,W,2,16,20,58.488,+1.682,+.017,S,-,24,12,48.75,-5.24,-0.49
1967 May. 26.31,39636.81139,Ga,W,2,18,32,53.940,+1.704,+.003,S,-,27,47,35.00,+0.87,+1.56
1967 May. 27.35,39637.85280,Du,W,2,19,36,37.852,+1.571,-.020,N,-,26,42,03.75,+2.48,+0.68
1967 Jun. 17.02,39658.52122,Cr,W,1,13,0,38.374,+1.355,+.008,N,-,4,32,58.93,-11.25,-0.60
1967 Jun. 21.17,39662.67275,Rh,W,1,16,55,12.921,+1.679,-.062,,-,25,54,01.64,-4.74,-0.56
1967 Jun. 27.40,39668.90050,To,W,2,22,47,43.535,+1.175,-.020,N,-,12,14,27.30,7.68,+0.32
1967 Jul. 17.04,39688.54213,Cr,W,1,15,29,06.647,+1.502,,N,-,20,50,54.18,-6.30,+1.19
1967 Jul. 22.24,39693.74464,Se,W,2,20,41,14.120,+1.436,-.051,S,-,23,28,12.40,+5.60,+0.97
1967 Jul. 23.27,39694.77997,Gv,W,2,21,36,11.484,+1.330,-.035,N,-,19,20,06.38,+7.41,+0.38
1967 Jul. 24.31,39695.81231,Cr,W,,22,26,49.731,+1.253,-.039,,-,14,22,,,
1967 Aug. 15.03,39717.53496,Rh,W,1,17,13,05.933,+1.686,+.061,,-,26,49,,,
1967 Aug. 16.07,39718.57621,La,W,1,18,16,36.673,+1.755,-.015,S,-,27,54,03.05,0.40,+1.76
1967 Aug. 20.22,39722.72481,Se,W,2,22,6,56.144,+1.244,-.041,,-,16,22,29.05,1-7.48,+0.30
1967 Aug. 22.28,39724.78432,To,W,2,23,40,44.782,+1.096,-.005,N,-,5,21,15.30,8.42,-0.13
1967 Sep. 16.13,39749.63915,Cr,W,1,21,49,41.936,+1.316,.000,,-,18,7,45.26,6.71,+0.41
1967 Sep. 18.19,39751.69931,KI,W,1,23,24,27.539,+1.202,.000,S,-,7,25,02.63,8.49,+0.10
1967 Sep. 19.22,39752.72721,Ga,W,2,0,8,40.645,+1.100,-.003,S,-,1,37,22.34,+8.73,+0.46
1967 Sep. 24.37,39757.87253,Ga,W,2,3,58,13.587,+1.219,-.022,,+,23,30,,,
1967 Sep. 25.40,39758.90674,To,W,2,4,51,34.496,+1.503,-.055,N,+,26,21,25.66,+2.75,+0.17
1967 Nov. 7.93,39802.43223,Du,W,1,20,19,53.332,+1.536,-.006,,-,24,58,18.57,+4.16,+1.29
1967 Nov. 8.96,39803.46850,KI,W,1,21,16,11.577,+1.342,-.029,,-,21,9,12.99,5.95,+0.37
1967 Nov. 10.00,39804.50138,Cr,W,1,22,7,36.684,+1.252,-.026,,-,16,24,48.39,+16.48,+0.27
1967 Nov. 11.03,39805.53156,To,W,1,22,55,08.206,+1.147,-.029,,-,11,5,09.52,+8.95,+0.27
1967 Nov. 13.08,39807.58724,Ga,W,1,0,23,25.094,+1.027,-.002,,+,0,20,41.08,+7.61,+0.61
1967 Nov. 16.17,39810.67106,Du,W,1,2,36,16.075,+1.210,-.002,,+,16,37,,,
1967 Nov. 19.26,39813.76961,Ga,W,2,5,10,24.546,+1.351,-.078,N,+,27,2,29.79,+1.84,+0.09
1967 Nov. 24.45,39818.95206,Cr,W,2,,,,+1.334,+.012,S,+,17,44,11.55,-6.10,-0.66
1967 Dec. 7.94,39832.44537,3983244537 To E 1 To,E1,,22,37,07.965,+1.203,-.030,S,-,13,1,33.67,+8.62,+0.16
1967 Dec. 13.08,39837.58590,Du,E,,2,19,45.413,+1.182,+.002,S,+,14,58,21.99,+7.03,-0.38
1967 Dec. 14.11,39838.61598,To,E,,3,7,07.889,+1.226,-.068,S,+,19,37,37.86,+5.66,+1.21
1967 Dec. 16.18,39840.68272,To,E,,4,51,23.292,+1.447,-.019,N,+,26,19,30.65,3.16,+0.16
1967 Dec. 17.21,39841.71925,Cr,E 2,,5,48,05.183,+1.421,-.061,,+,27,51,,,
1967 Dec. 20.33,39844.83162,To,E2,,8,42,10.008,+1.448,-.013,S,,,,,-6.17,-0.60
1967 Dec. 21.36,39845.86690,Du,,,9,9,37,,,,+,19,4,39.16,-7.19,-0.57
1968 Jan. 16.24,39871.74391,,,,,,,,,N,+,24,31,13.43,-4.89,+0.22
1968 Jan. 17.28,39872.78043,Ga,E 2,,9,18,39.102,+1370,-.030,S,+,20,30,57.94,-6.17,-0.54
1968 Jan. 18.31,39873.81524,KI,,2,10,12,51.225,+1.374,-.019,S,+,15,20,30.10,-8.36,+0.67
1968 Jan. 19.34,39874.84855,Cr,E,2,11,4,53.106,+1.221,-.006,S,+,9,18,41.66,-9.48,+1.42
1968 Jan. 22.44,39877.94660,,,,13,38,18.228,+1.352,-.029,,-,10,37,41.70,-9.20,+1.54
1968 Feb. 5.94,39892.44163,Du,W,1,2,28,17.039,+1.251,+.001,S,+,16,24,24.06,+6.51,-0.26
1968 Feb. 9.03,39895.53933,Rh,W,1,5,1,11.700,+1.424,-.039,,+,26,59,,,
1968 Feb. 11.11,39897.61422,Du,W,1,6,57,12.707,+1.446,-.125,N,+,27,50,45.55,-2.34,-0.46
1968 Feb. 12.15,39898.65255,Rh,,1,7,56,30.228,+1.559,+.035,N,+,25,53,53.93,-5.04,-0.29
1968 Feb. 13.19,39899.69009,KI,W,1,8,54,38.956,+1.456,+.013,N,+,22,23,54.96,-6.77,-0.70
1968 Feb. 14.22,39900.72622,Cr,W,2,9,50,45.364,+1.391,-.024,N,+,17,32,40.22,8.21,-0.36
1968 Feb. 15.26,39901.76086,K1,W,,10,44,42.959,+1.320,-.013,N,+,11,38,01.53,-9.89,+1.28
1968 Feb. 17.32,39903.82756,Du,W,2,12,28,55.215,+1.354,-.001,S,,,,,-10.27,+2.35
1968 Feb. 18.36,39904.86119,To,W,2,13,21,25.262,+1.413,-.013,,-,8,47,57.40,-10.64,+1.86
1968 Feb. 19.39,39905.89618,Rh,W,2,14,15,52.997,+1.504,-.030,S,-,15,13,00.11,-10.29,+0.84
1968 Mar. 7.98,39923.48502,Rh,E,1,5,33,09.412,+1.436,-.115,,,,,,,
1968 Mar. 10.05,39925.55983,Cr,,1,7,29,04.044,+1.554,+.040,N,+,27,8,52.41,-4.25,-0.13
1968 Mar. 12.13,39927.63390,KI,E,1,9,23,54.604,+1.540,+.102,N,,,,,-8.54,-0.72
1968 Mar. 14.20,39929.70366,Rh,E,1,11,12,31.512,+1.363,-.009,N,,,,,-11.25,-0.70
1968 Apr. 11.14,39957.64493,KI,,1,11,38,06.624,+1.431,-.014,,+,4,52,,,
1968 Apr. 12.17,39958.67906,Rh,W,1,12,31,19.825,+1.399,-.010,,+,2,18,,,
1968 Apr. 13.21,39959.71443,Rh,W,2,13,26,20.685,+1.405,-.031,S,-,9,32,28.67,-10.69,+1.98
1968 Apr. 14.25,39960.75191,Ga,W,2,14,24,24.977,+1.518,-.036,,-,16,17,09.66,9.44,+0.97
1968 Apr. 16.33,39962.83493,Cr,W,2,16,32,11.055,+1.751,-.008,,-,26,6,27.82,-6.23,+0.27
1968 Apr. 17.37,39963.87932,,W,2,17,40,13.246,+1.835,+.007,,-,28,14,,,
1968 Apr. 19.46,39965.96517,K1,,2,19,52,04.036,+1.560,-.043,N,-,26,17,48.33,+3.42,+0.88
1968 May. 7.02,39983.52083,Ga,E,1,10,21,25.286,+1.267,-.003,,+,14,19,,,
1968 May. 8.05,39984.55362,To,E,1,11,12,42.726,+1.341,-.001,N,+,8,7,55.53,-9.84,-0.19
1968 May. 9.08,39985.58653,Cr,E,1,12,4,10.336,+1.310,-.009,N,+,1,18,46.55,-11.10,-1.16
1968 May. 13.23,39989.73774,To,E,2,15,58,17.756,+1.749,-.013,S,-,24,11,58.26,7.94,-0.42
1968 May. 17.41,39993.91477,Rh,E,2,20,29,40.881,+1.549,-.033,N,-,24,8,59.35,+6.65,+0.17
1968 Jun. 6.02,40013.52995,Ga,W,1,12,32,52.575,+1.377,+.001,,+,2,44,,,
1968 Jun. 7.06,40014.56372,KI,W,1,13,25,34.561,+1.378,-.018,N,,,,,-10.31,+0.14
1968 Jun. 15.39,40022.89708,Du,W,2,21,58,28.211,+1.381,-.059,N,-,16,30,40.70,+8.51,+0.18
1968 Jun. 16.42,40023.92968,Gv,,2,22,49,28.936,+1.189,-.031,N,-,10,44,09.76,+7.93,-0.16
1968 Jul. 6.04,40043.54695,Cr,E,1,14,55,41.895,+1.563,+.023,N,-,19,36,03.55,-6.53,+0.96
1968 Jul. 7.08,40044.58764,4004458764 G E1,E,1,15,58,23.860,+1.707,+.056,N,-,24,20,12.37,-4.38,+0.95
1968 Jul. 8.13,40045.63177,Rh,E,1,17,6,04.356,+1.797,-.133,,-,27,23,,,
1968 Jul. 13.33,40050.83991,KI,E,2,22,26,19.010,+1.292,-.040,N,-,13,14,26.72,+8.56,-0.07
1968 Jul. 15.40,40052.90161,Du,E,2,0,3,16.997,+1.168,-.014,N,-,0,51,26.72,+8.97,+0.06
1968 Aug. 7.17,40075.67147,Hа,E,1,20,1,39.680,+1.667,-.067,S,-,25,29,20.21,+5.73,+1.54
1968 Aug. 8.21,40076.71173,MB,E,1,21,3,44.171,+1.616,-.010,,-,21,19,49.83,+8.12,+0.82
1968 Aug. 9.24,40077.74840,To,E,2,22,0,38.163,+1.376,-.041,,-,15,58,,,
1968 Aug. 12.34,40080.84258,Gv,E,2,0,28,27.090,+1.172,-.020,N,+,2,46,18.08,9.21,+0.17
1968 Aug. 13.37,40081.87162,To ToE2,E,2,1,14,19.489,+1.180,-.022,N,+,8,48,38.41,+9.27,+0.61
1968 Sep. 7.22,40106.72430,Du,W,2,23,20,09.611,+1.194,-.021,,-,6,21,46.71,+8.88,+0.62
1968 Sep. 8.25,40107.75445,To,,2,0,7,38.172,+1.209,-.016,N,,,,,+9.58,+0.08
1968 Sep. 9.28,40108.78381,Gv,W,2,0,53,58.943,+1.198,-.007,N,+,6,17,42.86,+9.06,+0.42
1968 Sep. 12.37,40111.87456,KI,W,2,3,16,50.262,+1.307,+.031,N,+,21,53,16.66,+5.75,-0.49
1968 Sep. 13.40,40112.90745,To,W,2,4,8,17.035,+1.381,-.037,N,+,25,21,45.64,+3.64,-0.46
1968 Sep. 14.44,40113.94198,Gv,W,2,5,2,04.469,+1.387,-.066,N,+,27,39,40.41,+2.17,-0.02
1968 Sep. 29.99,40129.49312,Rh,E,1,19,17,02.756,+1.763,-.016,S,-,27,32,58.14,+3.94,+1.76
1968 Sep. 1.03,40130.53384,K1,E,1,20,19,46.910,+1.630,-.010,S,-,24,36,27.45,6.50,+1.26
1968 Sep. 2.07,40131.57139,To,E,1,21,17,56.452,+1.527,-.013,S,-,20,13,19.37,8.15,+0.55
1968 Oct. 3.10,40132.60582,Gv,E,1,22,11,35.472,+1.282,-.010,S,-,14,49,14.95,+8.35,+0.36
1968 Oct. 5.16,40134.66787,Cr,E,,23,49,04.358,+1.187,-.012,S,-,2,29,46.25,+10.44,+0.42
1968 Oct. 31.05,40160.55333,Gv,W,,22,46,11.510,+1.256,-.027,S,-,10,41,22.82,+8.66,+0.21
1968 Nov. 1.08,40161.58351,Gv,W,1,23,33,42.609,+1.205,-.028,,-,4,32,11.16,+9.94,+0.37
1968 Nov. 2.11,40162.61253,,W,,0,19,33.228,+1.154,-.011,,+,1,41,15.71,+9.89,+0.45
1968 Nov. 3.14,40163.64124,To,W,1,1,4,57.556,+1.202,-.006,S,,,,,+8.90,+0.76
1968 Nov. 9.33,40169.83638,Du,W,2,6,10,22.895,+1.437,-.014,,+,28,33,,,
1968 Nov. 25.93,40186.43475,Du,W,1,21,37,28.721,+1.475,-.034,S,-,18,8,51.36,+8.26,+0.63
1968 Nov. 26.96,40187.46855,K1,W,1,22,30,13.741,+1.322,-.025,,,,,,7.62,-0.01
1968 Dec. 6.24,40196.74967,Gv,W,2,5,51,38.345,+1.370,-.018,N,+,28,23,33.58,-0.83,-0.08
1968 Dec. 9.35,40199.85471,To,W,2,8,35,08.056,+1.305,+.008,S,+,23,14,07.99,-6.07,-0.17
1968 Dec. 10.38,40200.88715,Cr,W,2,9,25,54.471,+1.253,-.014,,+,19,5,,,
1968 Dec. 12.44,40202.94850,To,W,2,11,2,22.630,+1.161,+.008,S,+,8,16,45.10,-10.31,+1.41
1968 Dec. 28.00,40218.50198,To,,1,1,20,42.742,+1.228,-.029.,,+,10,7,,,
1968 Dec. 29.03,40219.53139,Gv,E,1,2,7,07.746,+1.235,-.008,S,+,15,32,08.61,6.95,-0.19
1968 Dec. 30.06,40220.56194,Gv,E,1,2,55,10.961,+1.321,-.035,,+,20,14,20.66,+6.54,+1.20
1969 Jan. 2.16,40223.66317,Ga,,,,,,,,N,,,,,+0.09,+0.28
1969 Jan. 3.19,40224.69910,To,E,1,6,29,00.622,+1.402,-.157,N,+,28,15,59.75,-1.78,-0.54
1969 Jan. 4.23,40225.73478,Gv,E,2,7,24,28.079,+1.380,-.018,N,+,26,53,54.00,-2.16,-0.14
1969 Jan. 5.26,40226.76937,Du,,,8,8,18,,,N,+,24,11,38.18,-5.19,.-0.06
1969 Jan. 6.30,40227.80240,,,,9,9,09,,,,+,20,19,22.54,-6.49,+0.03
1969 Jan. 27.00,40248.50759,Rh,E,1,3,27,05.950,+1.289,-.075,S,+,23,1,44.79,5.21,+0.14
1969 Jan. 28.04,40249.54099,,E,1,4,19,15.997,+1399,-.049,,+,26,8,,,
1969 Feb. 5.30,40257.80988,To,E,2,11,19,04.285,+1.223,+.001,,+,5,37,16.74,-9.43,+2.27
1969 Feb. 6.33,40258.83976,Cr,,2,12,6,09.557,+1.177,+.003,S,,,,,-9.21,+2.31
1969 Feb. 10.47,40262.97505,,E,2,15,37,16.941,+1.717,-.023,S,-,23,51,26.93,-7.62,+0.88
1969 Feb. 24.98,40277.48720,Rh,W,1,4,51,59.309,+1.418,-.073,,+,27,36,,,
1969 Feb. 26.02,40278.52280,Rh,W,1,5,47,20.504,+1.387,-.173,N,+,28,38,24.71,+0.62,+0.09
1969 Feb. 28.09,40280.59422,Rh,W,1,7,38,21.344,+1.458,+.050,N,+,26,27,44.82,-4.83,-0.06
1969 Mar. 3.19,40283.69330,Ga,W,1,10,13,14.756,+1.266,+.011,N,+,13,50,05.72,-9.82,-0.79
1969 Mar. 4.22,40284.72404,KI,W,2,11,1,34.706,+1.196,-.006,N,+,7,53,02.15,-10.85,-0.75
1969 Mar. 5.25,40285.75446,Cr,=,,11,49,26.049,+1.213,-.001,,+,1,28,12.00,-10.18,+2.28
1969 Mar. 10.42,40290.92892,Rh,W,2,16,21,04.209,+1.730,-.045,S,-,26,26,52.56,-6.35,+0.92
1969 Mar. 28.03,40308.53930,Cs,W,1,8,9,26.523,+1.404,+.022,N,+,24,51,09.04,-6.15,-0.35
1969 Mar. 29.07,40309.57261,Cr,W,1,9,1,29.159,+1.298,+.022,N,+,21,4,24.13,-7.31,-0.47
1969 Mar. 31.13,40311.63565,,W,1,10,40,23.807,+1.238,-.023,N,+,10,35,32.57,-10.25,-0.70
1969 Apr. 1.16,40312.66629,Cr,W,1,11,28,34.682,+1.220,-.021,N,+,4,18,46.09,-10.71,-1.04
1969 Apr. 2.19,40313.69727,,W,1,12,17,15.100,+1.348,-.013 19,N,-,2,19,40.95,-11.68,-0.79
1969 Apr. 7.38,40318.88378,C5,W,2,17,6,16.968,+1.827,-.067,,-,28,1,,,
1969 Apr. 8.42,40319.92800,Rh,W,2,18,14,04.696,+1.915,-.012,S,-,28,39,13.88,0.69,+0.85
1969 May. 1.17,40342.67217,Gv,E,1,13,35,21.076,+1.504,+.009,N,-,12,27,13.49,-10.18,-0.05
1969 May. 2.20,40343.70850,Ho,,1,14,31,45.333,+1.706,+.082,,-,18,33,11.77,-9.81,+1.30
1969 May. 3.24,40344.74837,K1,E,2,15,33,15.951,+1.739,-.011,,-,23,37,40.72,-7.84,+1.22
1969 May. 4.29,40345.79166,Cs,E,2,16,39,43.017,+1.848,-.011,S,-,27,6,53.80,-5.63,+0.82
1969 May. 5.33,40346.83708,Cr,E,2,17,49,15.114,+1.898,-.008,S,-,28,33,17.70,-1.32,+0.69
1969 May. 7.42,40348.92537,Gv,,2,20,4,36.615,+1.686,-.027,N,-,24,57,35.48,+5.51,+0.71
1969 May. 26.01,40367.51828,Cs,W,1,11,31,42.002,+1.284,+.016,N,+,3,36,52.70,-11.10,-1.04
1969 May. 27.04,40368.54842,Ga,W,1,12,19,09.471,+1.275,+.021,N,-,2,48,41.27,-11.40,-0.83
1969 May. 28.08,40369.58016,Cr,W,1,13,8,56.690,+1.378,+.010,N,-,9,20,32.14,-11.09,+0.04
1969 May. 29.11,40370.61458,Cs,,1,14,2,35.168,+1.501,+.043,N,,,,,9.71,-0.17
1969 May. 30.15,40371.65263,KI,W,1,15,1,28.179,+1.580,+.034,,-,21,14,,,
1969 May. 31.19,40372.69478,Gv,W,1,16,6,16.736,+1.815,+.058,S,-,25,35,22.38,-5.39,-0.02
1969 Jun. 1.24,40373.74041,Ho,W,2,17,16,06.369,+1.869,-.069,,-,28,3,,,
1969 Jun. 26.05,40398.55831,Rh,,1,14,31,43.882,+1.601,+.062,N,-,18,47,04.79,-8.05,+0.71
1969 Jun. 27.09,40399.59761,Rh,,1,15,32,25.664,+1.771,+.032,N,-,23,41,11.78,-6.43,+0.74
1969 Jun. 29.18,40401.68790,Ho,,1,17,50,40.681,+1.887,-.168,,-,28,26,,,
1969 Jun. 30.23,40402.73527,Ga,E,2,19,3,01.481,+1.927,-.052,S,-,27,24,29.00,+4.30,+0.85
1969 Jul. 1.28,40403.78051,KI,E,2,20,12,17.404,+1.738,-.046,S,-,24,9,00.26,+6.41,+1.35
1969 Jul. 2.32,40404.82194,Ho,E,2,21,16,02.951,+1.762,-.025,N,-,19,9,54.70,+10.13,+0.37
1969 Jul. 4.39,40406.89341,Cr,E,2,23,7,07.924,+1.402,-.032,N,-,6,28,57.97,+10.18,+0.17
1969 Jul. 27.13,40429.63585,Ga,W,1,18,25,55.235,+2.018,-.174,S,-,28,17,45.38,+1.94,+1.27
1969 Jul. 31.30,40433.80219,Gv,W,2,22,41,52.253,+1.448,-.038,N,-,9,32,51.46,+10.39,+0.18
1969 Aug. 1.33,40434.83596,Ho,W,2,23,34,34.717,+1.375,-.021,N,-,2,37,14.23,9.26,+0.35
1969 Aug. 21.99,40455.49653,Rh,W,1,16,47,15.404,+1.855,-.003,,-,27,37,,,
1969 Aug. 23.04,40456.54068,Cr,W,1,17,54,57.331,+1.815,-.170,S,-,28,38,17.65,+0.78,+0.56
1969 Aug. 24.08,40457.58578,Rv,W,1,19,4,00.493,+1.874,-.081,,-,27,29,25.01,4.01,+1.01
1969 Aug. 25.12,40458.62963,Jo,W,,20,11,15.928,+1.726,-.114,S,-,24,14,04.87,+6.96,+1.17
1969 Aug. 26.17,40459.67073,KI,W,1,21,14,33.174,+1.632,-.014,S,-,19,13,35.14,+9.16,+0.77
1969 Aug. 27.20,40460.70867,Ho,W,,22,13,16.560,+1.485,-.010,S,-,12,59,48.91,+9.95,+0.41
1969 Aug. 30.30,40463.80961,Rv,W,2,0,50,51.268,+1.341,-.027,,+,7,44,,,
1969 Aug. 31.34,40464.84190,Ho,W,2,1,41,25.937,+1.379,-.019,N,+,13,57,42.37,+8.86,-0.10
1969 Sep. 1.37,40465.87480,Cs,W,2,2,32,52.368,+1.431,-.022,N,+,19,19,44.30,7.36,-0.48
1969 Sep. 22.07,40486.57884,Rh,,,20,48,19.755,+1.610,-.055,,-,21,32,48.60,+7.91,+1.14
1969 Sep. 23.11,40487.61692,KI,E,1,21,47,15.450,+1.581,-.007,S,-,15,56,32.70,+9.53,107 +0.78
1969 Sep. 24.15,40488.65244,Rh,E,1,22,42,28.760,+1.513,-.013,S,-,9,25,57.89,+10.68,-0.02
1969 Sep. 27.25,40491.75118,Cr,E 2,,1,16,53.019,+1.349,-.011 011,N,+,11,2,24.98,+9.35,-0.10
1969 Sep. 29.31,40493.81827,Ho,E,2,3,1,38.366,+1.461,-.074,N,+,21,49,09.19,+6.86,-0.64
1969 Sep. 30.35,40494.85353,KI,E,2,3,56,30.169,+1.453,-.038,,+,25,30,,,
1969 Oct. 1.38,40495.88975,Rh,E,2,4,52,44.767,+1.455,-049,,+,27,48,,,
1969 Oct. 3.46,40497.96239,Rh,E,2,,,,+1.444,+.007,,+,28,1,,,
1969 Oct. 18.99,40513.49128,Jo,W,1,20,28,20.225,+1.519,-.116,S,-,22,59,47.19,6.20,-0.99
1969 Oct. 20.02,40514.52929,Ho,W,1,21,27,09.611,+1.530,+.009,S,-,17,56,18.11,+8.01,+1.02
1969 Oct. 21.06,40515.56458,KI,W,1,22,22,04.207,+1.353,-.006,S,-,11,53,08.80,+10.24,+0.33
1969 Oct. 22.09,40516.59786,Cs,W,1,23,14,03.342,+1.395,-.010,S,-,5,15,42.87,+11.20,+0.30
1969 Oct. 24.16,40518.66184,Rh,,1,1,54,20.133,+1.339,-.010,,+,8,11,,,
1969 Oct. 25.19,40519.69424,Cs,W,1,1,45,03.376,+1.417,-.003,N,+,14,20,10.38,9.0,-0.02
1969 Oct. 26.22,40520.72776,Jo,,2,2,37,24.065,+1.469,+.009,N,+,19,40,36.51,+7.30,-0.54
1969 Oct. 27.26,40521.76269,Ho,W,2,3,31,47.056,+1.562,+.010,N,+,23,55,51.98,5.35,-0.36
1969 Oct. 30.37,40524.87248,Jo,,,7,6,22,,,N,+,28,18,41.01,-2.08,-0.52
1969 Oct. 31.40,40525.90807,Ho,W,2,7,17,28.265,+1.441,-.009,S,+,26,51,13.20,-3.28,-0.61
1969 Nov. 15.94,40541.44355,4054144355 Gs E 1 Cs,E,1,21,9,49.144,+1.575,-.044,S,-,19,22,20.41,+7.79,+0.73
1969 Nov. 16.97,40542.47948,Jo,E Jo E 1 22 05,,22,5,38.523,+1.454,-.012,,-,13,35,50.38,+10.06,+0.45
1969 Nov. 19.04,40544.54465,Ho,E,1,23,47,36.833,+1312,-.003,,-,0,33,40.57,+10.47,+0.74
1969 Nov. 21.10,40546.60726,Du,E,1,1,25,54.618,+1.370,-.011,S,+,12,11,34.10,+8.95,-0.22
1969 Nov. 22.13,40547.63972,Jo,E,,2,16,43.679,+1389,-.004,S,+,17,43,58.63,+7.80,+0.09
1969 Nov. 23.17,40548.67367,Ho,E,1,3,9,41.658,+1.482,-.048,,+,22,20,,,
1969 Nov. 25.24,40550.74586,Cr,E,2,5,1,48.549,+1.545,-.020,N,+,27,48,12.27,+1.52,-0.01
1969 Nov. 29.38,40554.88639,Cs,E,,8,40,30.217,+1.281,-.006,N,+,21,43,26.91,7.01,+0.25
1969 Nov. 30.41,40555.91717,Cr,E,2,9,28,52.781,+1.228,-.038,,+,17,23,18.85,-10.17,-0.73
1969 Dec. 2.47,40557.97486,Du,E,2,11,0,04.708,+1.216,+.011,S,+,6,44,00.44,-11.03,+2.19
1969 Dec. 14.92,40570.42768,Cs,W CsW122 41.,,22,41,13.892,+1.378,-.029,S,,,,,+10.24,+0.03
1969 Dec. 15.96,40571.46030,Ho,W,1,23,32,16.683,+1345,-.008,S,,,,,+10.67,+0.79
1969 Dec. 16.99,40572.49168,Cs,W,1,0,21,31.309,+1338,+.001,S,+,4,17,08.85,+9.86,+0.70
1969 Dec. 18.02,40573.52280,KI,W,1,1,10,24.712,+1.326,-.014,S,+,10,33,27.51,+9.55,-0.36
1969 Dec. 20.08,40575.58753,Jo,W,,2,51,46.008,+1.431,-.013,,+,21,3,,,
1969 Dec. 23.19,40578.69470,Du,W,1,5,38,20.628,+1564,-.049,N,+,28,16,59.30,+0.53,+0.24
1969 Dec. 25.26,40580.76642,Ho,W,2,7,29,46.731,+1.416,-.019,N,+,25,58,28.70,-5.98,+0.09
1970 Jan. 1.47,40587.97409,Ho,W,2,12,57,14.685,+1.209,+.009,,+,9,5,,,
1970 Jan. 17.03,40603.53654,Jo,E,1,3,28,31.949,+1.455,-.082,,+,23,57,,,
1970 Jan. 28.38,40614.88860,Ho,E,2,12,40,15.165,+1.186,.000,S,-,7,9,47.64,-9.99,+1.83
1970 Jan. 31.48,40617.98595,Ja,,,14,15,12,,,S,-,22,59,26.59,-7.32,+1.29
1970 Feb. 13.98,40631.48520,Cn,,1,4,4,46.983,+1.506,-.062,,+,26,7,,,
1970 Feb. 18.12,40635.62842,Cr,W,1,7,47,21.296,+1.389,+.117,N,+,25,7,17.71,-5.28,+0.02
1970 Feb. 21.22,40638.72101,Br,W,1,10,12,52.617,+1.191,+.023,N,,,,,-9.73,-0.75
1970 Feb. 22.24,40639.74918,Cs,W,2,10,57,30.009,+1.188,-0185,,+,6,31,51.87,-9.93,+1.96
1970 Feb. 24.30,40641.80500,40641.80500 Cs W 2 Cs,W,2,12,25,58.904,+1.163,-.004,S,-,5,21,58.98,-10.68,+1.79
1970 Feb. 25.33,40642.83414,Ja,W,2,13,12,00.161,+1.253,+.002,S,-,11,14,38.26,-11.19,+1.73
1970 Feb. 27.39,40644.89891,Jo,W,2,14,53,25.211,+1.436,+.054,S,-,21,36,53.25,-8.23,+1.24
1970 Feb. 28.43,40645.93591,Ho,W,2,15,50,47.489,+1.634,+.017,S,-,25,27,18.36,-6.31,+0.74
1970 Mar. 17.04,40662.54161,Du,E,1,7,28,27.942,+1.521,+.042,,+,26,6,09.31,-4.30,+0.06
1970 Mar. 18.07,40663.57491,Zn,E,,8,20,28.938,+1.456,.000,N,+,23,0,25.78,7.40,-0.31
1970 Mar. 24.24,40669.74983,Cr,,2,12,56,42.782,+1.243,-.003,S,-,9,19,13.71,-11.03,+1.83
1970 Mar. 25.28,40670.78059,Jo,E,2,13,45,04.231,+1.346,+009,S,-,15,2,29.11,-9.38,+0.21
1970 Mar. 26.31,40671.81375,Ja,,2,14,36,54.208,+1.566,-.014,S,-,20,10,35.50,-8.64,+1.37
1970 Mar. 27.34,40672.84986,Cn,E,2,15,32,59.071,+1.614,-.008,,-,24,22,,,
1970 Mar. 30.47,40675.97313,Ho,E,2,18,42,48.644,+1.817,-.072,,-,27,43,,,
1970 Apr. 16.04,40692.54966,Du,,1,9,38,21.576,+1.296,+.060,N,+,15,55,30.32,-8.96,-0.14
1970 Apr. 19.13,40695.63476,Rh,W,1,11,53,03.549,+1.236,-.015,N,,,,,-10.35,-0.30
1970 Apr. 22.22,40698.72686,Ja,W,2,14,17,52.843,+1.489,-.006,S,-,18,21,37.34,-9.37,+0.95
1970 Apr. 23.26,40699.76262,Cn,W,2,15,13,28.246,+1.567,-.012,S,-,22,58,48.92,-7.22,+1.50
1970 May. 13.99,40720.49176,Zn,E,1,10,5,08.468,+1.179,+.042,N,+,12,42,34.83,-9.25,-0.49
1970 May. 19.13,40725.63744,Hd,,,14,13,55,,,N,-,16,8,20.05,-8.19,+0.78
1970 May. 20.17,40726.67229,Ho,E,,14,49,29.309,+1.534,+.072,S,-,21,9,25.40,-7.97,+1.40
1970 May. 21.21,40727.71064,Cr,E,1,15,48,47.960,+1.657,+.023,S,,,,,-6.63,+0.74
1970 May. 23.29,40729.79582,Ja,E,2,17,59,41.536,+1.897,-.045,S,-,28,5,30.05,0.83,+0.41
1970 May. 27.45,40733.95623,Ho,E,2,22,7,04.119,+1.528,+.025,N,-,12,21,06.01,9.55,+0.04
1970 Jun. 14.01,40751.51716,Hd,=,,13,12,44,,,N,-,8,4,52.42,9.41,-0.15
1970 Jun. 15.04,40752.54746,Ga,W,1,13,31,44.761,+1363,+.021,N,-,13,47,23.49,-7.96,+0.34
1970 Jun. 22.33,40759.83110,Ja,W,2,20,48,54.512,+1.706,+.035,N,-,20,5,19.26,+8.49,+0.38
1970 Jun. 23.36,40760.86925,Cn,W,2,21,47,55.723,+1.551,+.021,,-,14,16,,,
1970 Jun. 24.40,40761.90461,Ja,W,2,22,42,55.836,+1.438,-.029,N,-,7,42,35.53,+9.36,+0.34
1970 Jul. 17.14,40784.64822,Rh,E,1,18,3,24.404,+1.826,-.150,,-,28,2,,,
1970 Jul. 19.23,40786.73667,Cn,E,2,20,19,00.528,+1.785,+.004,,-,22,23,,,
1970 Jul. 12.00,40810.50951,Go,W,1,16,25,37.296,+1.665,+.023,,-,26,59,,,
1970 Aug. 13.05,40811.55148,Ku,W,,17,30,09.612,+1.696,-.071,S,-,28,13,17.76,-1.07,+0.18
1970 Aug. 16.18,40814.68127,Go,W,1,20,49,24.066,+1.696,-.077,S,-,19,57,46.80,+8.99,+0.74
1970 Aug. 22.39,40820.89877,Ku,W,2,2,27,06.608,+1.424,-.047,N,+,19,44,18.94,+6.68,-0.05
1970 Sep. 12.08,40841.58557,Rh,E,1,20,17,40.139,+1.699,-.066,,-,22,30,05.55,+6.66,+0.77
1970 Sep. 13.12,40842.62548,Ja,E,1,21,19,14.152,+1.634,-.051,S,-,17,9,18.52,+9.87,+0.77
1970 Sep. 14.16,40843.66340,Ga,E,1,22,17,55.644,+1.602,-.022,S,-,10,36,42.81,+11.15,+0.52
1970 Sep. 15.19,40844.69974,Hd,E,1,23,14,21.045,+1.503,+.014,,-,3,23,,,
1970 Sep. 16.23,40845.73528,Go,E,2,0,9,36.220,+1.439,+.007,,+,3,59,,,
1970 Sep. 17.27,40846.77084,Ku,E,2,1,4,53.749,+1.522,+.017,,+,11,1,,,
1970 Sep. 20.38,40849.88308,Ga,E,2,3,58,47.541,+1.611,-.019,N,+,25,53,03.62,+4.02,-0.25
1970 Sep. 21.42,40850.92206,Zn,E,2,4,59,01.027,+1.564,-.013,N,+,27,49,37.94,+0.88,+0.03
1970 Sep. 22.46,40851.96054,Hd,E,2,5,58,31.595,+1.639,+.010,,+,28,7,,,
1970 Oct. 7.95,40867.45391,Hd,E,1,18,50,03.698,+1.718,-.035,,,,,,,+1.98
1970 Oct. 11.07,40870.57100,Ku,,,21,50,57.919,+1.614,-.081,,-,13,40,34.92,+9.63,+0.80
1970 Oct. 12.10,40871.60686,Du,E,1,22,46,40.787,+1558,+.018,S,-,6,56,39.06,+10.53,+0.12
1970 Oct. 13.14,40872.64192,Hd,E,1,23,41,15.430,+1.559,+.018,,+,0,14,27.80,+11.63,+0.70
1970 Oct. 14.17,40873.67704,Ja,E,1,0,35,54.682,+1.559,+.014,S,+,7,24,40.68,+11.02,+0.73
1970 Oct. 17.28,40876.78932,Jo,E,,3,29,51.532,+1.721,-.034,N,+,24,13,26.16,+5.52,-0.42
1970 Oct. 18.32,40877.82926,Ga GaE2,,2,4,31,28.430,+1.734,-.001,N,+,26,59,39.51,4.27,+0.04
1970 Oct. 19.36,40878.86917,Ku,E,2,5,33,02.829,+1.688,+.013,z,+,28,1,19.27,-0.08,+0.28
1970 Oct. 20.40,40879.90781,Du,E,2,6,32,47.120,+1.594,+.033,,+,27,22,,,
1970 Nov. 6.98,40897.48335,,W,1,21,30,51.316,+1.567,-.049,S,-,15,37,06.62,+9.04,+1.09
1970 Nov. 8.01,40898.51845,Go,W,1,22,25,28.143,+1.415,-.017,,-,9,23,25.33,+11.85,+0.38
1970 Nov. 9.05,40899.55247,Hd,W,1,23,18,32.252,+1.469,+.032,S,-,2,36,11.74,+10.80,+0.58
1970 Nov. 10.08,40900.58630,Rh,W,1,0,11,19.898,+1.520,+.016,,+,4,21,28.04,+11.76,+0.77
1970 Nov. 17.35,40907.85328,Ja,W,2,7,4,26.428,+1.542,+.016,,+,26,8,,,
1970 Nov. 18.38,40908.88885,Ku,W,2,,,,+1.485,+.050,S,+,23,14,54.96,-8.50,-0.35
1970 Nov. 21.48,40911.98045,Hd,W,2,10,23,49.728,+1.217,-.014,,+,9,27,,,
1970 Dec. 7.00,40927.50015,Ku,W,1,23,53,22.795,+1.404,+.012,,+,2,15,,,
1970 Dec. 8.03,40928.53341,Ro,W,1,0,45,20.857,+1.490,+.010,,+,8,54,,,
1970 Dec. 9.06,40929.56777,Cn,W,,1,38,54.852,+1.543,-.026,S,+,15,3,29.33,+8.96,-0.45
1970 Dec. 15.29,40935.79827,Ja,W,2,7,35,24.060,+1.486,+042,S,+,24,30,07.37,-5.89,-1.13
1970 Dec. 16.33,40936.83257,Go,W,2,8,28,51.421,+1353,+.015 5,,+,20,55,55.70,-5.39,+1.44
1970 Dec. 19.42,40939.92143,Ja,W,2,10,48,59.322,+1.147,-001,,+,6,0,12.06,-9.65,+1.29
1971 Jan. 6.01,40957.51747,Go,,1,2,16,40.502,+1.747,-.013,,+,18,57,,,
1971 Jan. 8.09,40959.59266,Ga,E,1,4,13,07.560,+1.663,-.081,,+,26,19,,,
1971 Jan. 10.17,40961.67112,Jo,E,1,6,14,18.709,+1.689,+.045,,+,27,25,,,
1971 Jan. 12.24,40963.74396,Go,E,2,8,7,22.366,+1.462,+.031,N,+,22,26,49.86,-5.86,0.11
1971 Jan. 16.36,40967.86275,Sm,E,2,11,14,39.701,+1.120,-.019,,+,2,28,36.91,-9.73,+1.68
1971 Jan. 18.41,40969.91725,Hd,E,2,12,41,14.473,+1.217,-.007,S,-,8,45,15.72,-9.21,+1.57
1971 Jan. 19.44,40970.94599,Go,E,2,13,26,41.102,+1.312,-.005,,-,14,3,56.67,-9.35,+1.03
1971 Jan. 20.47,40971.97682,Ga,E,2,14,15,09.156,+1.480,+033,S,-,18,54,44.66,-8.44,+0.33
1971 Mar. 6.03,41016.53563,Jo,W,1,6,35,31.017,+1.625,+.030,,+,26,58,,,
1971 Mar. 7.07,41017.57182,Ku,W,,7,31,42.783,+1.495,+056,N,+,24,39,49.78,-6.23,-0.13
1971 Mar. 8.10,41018.60555,Hd,W,1,8,24,20.928,+1.399,+.054,N,+,21,11,25.57,-6.69,+0.27
1971 Mar. 9.13,41019.63689,Hd,W,1,9,13,32.822,+1.323,+080,N,+,16,49,25.71,-8.70,-0.06
1971 Mar. 10.16,41020.66626,Ku,W,1,9,59,53.648,+1.173,+043,N,+,11,49,09.57,-9.77,-0.41
1971 Mar. 12.22,41022.72145,Ro,W,2,11,27,28.521,+0.975,-.007,S,+,0,46,24.36,-10.56,+1.57
1971 Mar. 14.27,41024.77635,Jo,W,2,12,54,37.681,+1.195,-.007,S,-,10,22,31.51,-8.79,+1.21
1971 Mar. 16.33,41026.83627,Ku,W,2,14,29,02.587,+1.449,-.006,S,-,20,4,50.02,-6.88,+0.73
1971 Mar. 17.36,41027.86956,Sm,,,15,15,21,,,S,-,23,49,14.35,-6.56,+1.41
1971 Mar. 18.40,41028.90543,Go,W,,16,16,16,,,S,-,26,27,17.50,-3.85,+0.01
1971 Apr. 4.01,41045.51990,Ga,E,1,8,7,08.053,+1.450,+.075,N,+,22,19,04.82,-5.90,+0.16
1971 Apr. 5.05,41046.55214,Rh,E,1,8,57,37.741,+1.383,+.086,N,+,18,13,00.59,-7.55,-0.06
1971 Apr. 8.13,41049.63778,Du,E,1,11,13,06.453,+1.194,010,N,+,2,36,55.46,-8.09,+0.39
1971 Apr. 9.16,41050.66491,Go,E,1,11,56,13.210,+1.1.71,-.024,N,-,3,1,02.94,-8.19,+0.75
1971 Apr. 10.19,41051.69250,Ku,E,1,12,40,00.145,+1.303,-.002,,,,,,,
1971 Apr. 11.22,41052.72122,Sin,E,2,13,25,25.384,+1.255,-.001,,-,13,50,15.20,-9.20,+0.63
1971 Apr. 12.25,41053.75170,Hd,E,2,14,13,22.733,+1.381,+.005,S,-,18,36,31.68,-7.84,+0.01
1971 Apr. 13.28,41054.78442,Cn,E 2,,15,4,33.575,+1.430,-.005,S,-,22,37,35.81,-5.91,+1.24
1971 Apr. 15.35,41056.85695,Jo,E,2,16,57,10.699,+1.652,-.053,,,,,,-0.61,+0.23
1971 Apr. 16.39,41057.89581,Ro,E,2,17,57,14.511,+1.718,-.060,,-,27,25,,,
1971 Apr. 17.43,41058.93510,Cп,E,2,18,57,54.645,+1.637,-.134,,-,25,55,,,
1971 May. 1.96,41073.46536,Co,W,1,8,38,46.405,+1.424,+.071,N,+,19,37,29.45,-8.08,+0.29
1971 May. 5.05,41076.55327,Ku,W,1,10,57,32.010,+1.165,.022,N,+,4,25,54.52,-8.73,+0.38
1971 May. 9.16,41080.66619,Sm,W,1,13,56,20.761,+1.281,+.005,N,-,17,1,30.22,-7.91,+0.50
1971 May. 10.19,41081.69842,Hd,W,1,14,46,49.977,+1.485,+.063,,-,21,19,08.66,-6.76,+1.16
1971 May. 11.23,41082.73319,Jo,W,2,15,40,58.810,+1.553,-.007,,-,24,40,04.57,5.07,+1.58
1971 May. 12.27,41083.77036,Ja,,,16,16,38,,,S,-,26,46,16.86,2.60,+0.43
1971 May. 15.38,41086.88751,Cn,W,2,19,39,35.603,+1.611,-.040,,-,23,40,,,
1971 Jun. 6.11,41108.61073,Rh,,,15,14,26,,,N,-,19,49,55.90,-6.47,+0.36
1971 Jun. 7.14,41109.64471,Co,E,,15,19,40.725,+1.552,+.030,,-,23,33,,,
1971 Jun. 9.22,41111.72036,Ro,E,2,17,16,48.301,+1.679,-.052,,-,27,16,42.94,4.75,-0.49
1971 Jun. 10.26,41112.76046,Go,E,2,18,18,38.280,+1.714,-.075,,-,26,46,12.95,+2.86,+1.13
1971 Jun. 11.30,41113.80030,Cn,E,2,19,20,06.782,+1.794,.000,N,-,24,33,50.55,+4.97,-0.03
1971 Jun. 13.37,41115.87530,Jo,E,2,21,16,17.499,+1.560,+.101,N,-,15,46,50.71,8.80,-0.12
1971 Jul. 4.05,41136.55492,Sm,E,1,14,56,28.846,+1.509,+.062,N,-,22,12,41.77,-4.89,+0.34
1971 Jul. 5.09,41137.59037,Ro,E,1,15,51,36.135,+1.588,4.023,N,-,25,16,37.62,-2.85,+0.50
1971 Jul. 6.12,41138.62851,Co,E,,16,50,37.891,+1.781,+.043,,-,27,2,19.10,-1.75,+0.73
1971 Jul. 7.16,41139.66860,Sm,E,1,17,52,27.551,+1.762,-.122,,-,27,12,41.67,-0.10,+0.27
1971 Jul. 8.20,41140.70931,Cn,,,19,18,55,,,,-,25,38,26.86,3.36,+2.67
1971 Jul. 9.24,41141.74923,Ku,,2,19,56,45.618,+1.661,-.021,S,-,22,22,18.88,5.54,+0.16
1971 Jul. 12.35,41144.85834,Jo,E,2,22,46,08.474,+1.535,+.127,,-,5,18,,,
1971 Jul. 13.39,41145.89218,Go,E,,23,38,56.400,+1.529,+.106,N,+,1,28,39.59,+10.72,+0.41
1971 Aug. 6.19,41169.69514,Ho,W,1,20,29,03.173,+1.665,-.091,S,-,19,58,34.73,+7.24,+0.74
1971 Aug. 7.23,41170.73302,Co,W,2,21,27,41.524,+1.645,+.132,N,-,14,28,32.51,+10.30,-0.11
1971 Aug. 8.26,41171.76929,Sm,W,,22,24,00.564,+1.530,+.142,,,,,,,
1971 Aug. 11.37,41174.87470,4117487470 C.W2 Cr,W,2,1,8,02.343,+1.602,+.047,N,+,12,26,55.68,+9.18,-0.32
1971 Aug. 31.02,41194.52130,Ku,E,1,17,56,35.947,+1586,-.054,,-,27,10,03.85,+0.86,+0.04
1971 Sep. 1.06,41195.56095,Cr,E,1,18,57,47.920,+1.743,+.018,S,-,25,31,46.14,+4.86,+2.41
1971 Sep. 3.13,41197.63884,Ho,E,1,20,58,08.932,+1.678,-.080,S,-,17,24,29.40,+7.94,+0.24
1971 Sep. 4.17,41198.67605,Jo,E,1,21,55,49.215,+1.641,-.039,S,-,11,22,41.05,+10.31,+0.50
1971 Sep. 5.21,41199.71229,Co,E,1,22,52,05.302,+1.610,+.020,N,,,,,+10.94,+0.33
1971 Sep. 6.24,41200.74817,Sm,E,2,23,47,50.434,+1.567,+.110,,+,2,37,,,
1971 Sep. 7.28,41201.78445,Ro,E,2,0,44,10.798,+1.630,+.070,N,+,9,38,12.07,+11.61,+0.25
1971 Sep. 8.32,41202.82185,Ja,,,1,42,07.671,+1.651,+.003,N,+,15,58,59.87,+8.84,+0.02
1971 Sep. 9.36,41203.86080,Du,41203.86080 Du E 2 2 42 18.605 E,,2,42,18.605,+1.694,+.014,N,,,,,6.81,-0.13
1971 Sep. 10.40,41204.90122,Hd,E,2,3,44,36.917,+1.772,-.002,,+,24,57,,,
1971 Sep. 29.00,41223.50755,Ku,W,1,19,31,04.899,+1.662,+.011,S,,,,,+4.80,-0.02
1971 Sep. 30.04,41224.54523,Rh,W,,20,29,26.442,+1.643,-.054,S,-,19,47,15.77,+8.08,+0.80
1971 Oct. 7.30,41231.80828,Go,W,2,3,16,52.262,+1.833,-.075,,+,23,20,,,
1971 Oct. 8.35,41232.85084,Hd,W,2,4,22,15.488,+1.884,+.016,N,+,26,10,51.16,+1.84,-0.21
1971 Oct. 11.47,41235.97228,Ku,W,2,7,29,26.036,+1.527,+.028,,+,23,46,,,
1971 Oct. 29.02,41253.52643,Go,E,1,21,56,36.845,+1.505,-.037,S,-,10,58,11.55,+10.15,+0.48
1971 Nov. 1.13,41256.63199,Ja,E,1,0,40,51.955,+1.622,+.020,S,+,9,14,20.97,+10.52,+0.30
1971 Nov. 3.21,41258.71087,Ja,E,2,2,42,39.745,+1.815,+.068,N,,,,,+7.10,-0.47
1971 Nov. 4.25,41259.75382,Go,E,2,3,48,36.937,+1.898,-.006,N,+,24,48,40.37,+4.29,-0.24
1971 Nov. 5.29,41260.79782,Jo,,2,4,56,05.673,+1.878,-.041,N,,,,,+1.42,+0.01
1971 Nov. 6.34,41261.84104,DuE2,E,2,6,2,26.628,+1.837,+.015,N,,,,,-1.68,-0.10
1971 Nov. 8.41,41263.91913,Ro,E,2,8,3,05.148,+1.547,+.053,S,+,21,24,13.23,-7.01,-1.24
1971 Nov. 9.45,41264.95308,95308 Hd E 2 Hd,E,2,8,56,02.999,+1.420,+.015,S,+,17,6,21.79,-8.32,+0.54
1971 Nov. 25.97,41281.47296,Rh,W,1,22,29,48.455,+1.443,+.002,S,-,6,46,42.17,+10.43,+0.39
1971 Nov. 28.04,41283.54037,Go,W,,1,15,01.769,+1.481,+.021,,,,,,+10.93,+0.34
1971 Nov. 29.07,41284.57621,Ro,W,1,1,10,42.892,+1.612,+.017,S,+,12,45,48.81,+9.51,+0.16
1971 Dec. 1.15,41286.65573,Rh,W,1,3,13,26.079,+1.877,-.010,N,+,23,1,45.99,+5.75,-0.46
1971 Dec. 2.19,41287.69921,Go,W.,1,4,20,09.267,+1.896,-.101,N,+,25,53,12.32,+2.54,-0.36
1971 Dec. 5.32,41290.82648,Ku,W,2,7,35,45.397,+1.603,+.058,S,+,22,55,40.60,-6.49,-0.94
1971 Dec. 6.36,41291.86299,Ro,W,2,8,32,24.675,+1.426,+.005,S,+,18,54,59.01,-8.43,-0.03
1971 Dec. 28.06,41313.56275,Go,W,,2,45,37.912,+1.751,-.072,,+,21,22,42.51,6.93,+0.02
1971 Dec. 29.10,41314.60397,Hd,W,1,3,49,04.936,+1.824,-.095,,+,24,52,,,
1971 Dec. 31.19,41316.69016,K1,W,1,6,1,25.623,+1.782,-.040,N,+,26,26,45.10,-2.15,-0.11
