greenwich_date,jd_ephem,observer,clamp,ra_h,ra_m,ra_s,ra_o_minus_c,dec_sign,dec_deg,dec_min,dec_sec,dec_o_minus_c,distance_au
1963 Mar. 8.72,38097.22167,Pe,W,23,13,42.712,+0.035,-,4,58,15.20,+1.78,0.992665
1963 Mar. 15.72,38104.22038,Pe,W,23,39,26.822,+0.007,-,2,13,24.68,+1.16,0.994552
1963 Mar. 18.71,38107.21979,Rh,W,23,50,24.774,-0.005,-,1,2,20.26,-0.63,0.995397
1963 Mar. 25.71,38114.21834,Pe,W,0,15,55.334,+0.025,+,1,43,26.12,-0.23,0.997398
1963 Mar. 27.71,38116.21792,Rh,W,0,23,12.072,+0.055,,,,,-0.32,0.997965
1963 Mar. 28.71,38117.21771,KI,,0,26,50.400,+0.041,+,2,54,,,0.998247
1963 Mar. 29.71,38118.21750,Pe,W,0,30,28.775,+0.051,+,3,17,26.68,+0.35,0.998529
1963 Apr. 4.71,38124.21625,Sc,W,0,52,20.144,+0.021,+,5,36,23.57,+0.08,1.000220
1963 Apr. 6.71,38126.21585,Sc,W,0,59,38.221,+0.011,+,6,21,58.90,+0.47,1.000787
1963 Apr. 8.71,38128.21546,Rh,W,1,6,57.009,-0.050,+,7,7,07.94,+1.13,1.001358
1963 Apr. 10.71,38130.21507,Sc,W,1,14,16.915,+0.078,+,7,51,46.10,-0.04,1.001931
1963 Apr. 11.71,38131.21488,KI,W,1,17,57.074,-0.053,+,8,13,53.50,-0.59,1.002219
1963 Apr. 12.71,38132.21470,Pe,W,1,21,37.729,+0.014,+,8,35,53.87,+0.03,1.002507
1963 Apr. 14.71,38134.21434,Sc,W,1,28,59.840,-0.017,,,,,+0.12,1.003083
1963 Apr. 15.71,38135.21417,KI,W,1,32,41.482,+0.046,+,9,41,,,1.003370
1963 Apr. 16.71,38136.21400,Rh,W,1,36,23.386,-0.003,+,10,2,24.51,+0.40,1.003657
1963 Apr. 20.71,38140.21337,Sc,W,1,51,15.236,+0.085,+,11,26,16.77,-0.05,1.004791
1963 Apr. 31.71,38181.21236,,W,4,31,26.003,+0.034,+,21,52,,,1.013968
1963 Jun. 4.71,38185.21279,Rh,,,,,,,,,,+0.18,1.014542
1963 Jun. 5.71,38186.21290,Ka,W,4,51,56.199,-0.010,+,22,31,16.95,+0.37,1.014678
1963 Jun. 6.71,38187.21303,Sc,W,4,56,03.340,+0.038,+,22,37,45.07,-0.57,1.014810
1963 Jun. 7.71,38188.21315,Pe,W,5,0,10.691,-0.013,+,22,43,50.75,-0.26,1.014939
1963 Jul. 3.71,38214.21688,Rh,W,0,6,48,,+,22,58,58.27,-0.88,1.016714
1963 Jul. 4.71,38215.21701,Ga,,0,6,52,,,,,,-0.42,1.016715
1963 Jul. 5.71,38216.21713,To,W,6,56,19.028,+0.003,+,22,48,42.72,+0.21,1.016713
1963 Jul. 6.71,38217.21725,Sc,W,0,7,00,,+,22,42,58.04,-0.42,1.016707
1963 Jul. 8.71,38219.21747,Ка,W,7,8,38.447,+0.049,+,22,30,,,1.016685
1963 Jul. 9.71,38220.21758,KI,W,7,12,44.085,-0.013,+,22,23,24.92,-0.23,1.016669
1963 Jul. 11.71,38222.21778,Ga,W,7,20,54.272,-0.025,+,22,8,25.74,-1.10,1.016625
1963 Jul. 12.71,38223.21787,Sc,W,7,24,58.797,+0.036,+,22,0,22.63,-0.76,1.016598
1963 Jul. 23.71,38234.21850,Ga,E,8,9,15.949,-0.021,+,20,7,34.29,-0.23,1.015948
1963 Jul. 30.71,38241.21849,Ka,,0,8,36,,+,18,34,16.71,-0.60,1.015183
1963 Jul. 1.71,38243.21843,Ga,E,8,44,38.271,-0.055,+,18,4,,,1.014926
1963 Jul. 2.71,38244.21838,KI,E,8,48,31.057,+0.015,+,17,49,39.10,-0.24,1.014792
1963 Aug. 4.71,38246.21827,Ka,E,8,56,14.698,+0.059,+,17,18,26.36,-0.41,1.014515
1963 Aug. 5.71,38247.21821,Ga,E,9,0,05.585,+0.063,+,17,2,23.20,-1.89,1.014373
1963 Aug. 6.71,38248.21813,Ka,E,9,3,55.854,+0.051,+,16,46,05.26,-1.70,1.014227
1963 Aug. 15.71,38257.21719,To,E,9,38,02.851,+0.065,+,14,7,,,1.012774
1963 Aug. 16.71,38258.21705,Pe,E,9,41,47.482,-0.057,+,13,48,59.71,-1.18,1.012592
1963 Aug. 18.71,38260.21676,Ka,E,9,49,15.541,+0.029,+,13,10,44.96,-2.17,1.012214
1963 Aug. 22.71,38264.21611,Rh,E,10,4,05.518,+0.049,+,11,51,51.97,+0.33,1.011399
1963 Aug. 25.71,38267.21557,Ka,E,10,15,07.984,-0.024,+,10,50,38.39,-2.44,1.010742
1963 Aug. 26.71,38268.21538,Rh,E,10,18,47.955,-0.029,+,10,29,55.84,-0.48,1.010515
1963 Sep. 27.70,38300.20791,To,W,12,14,10.729,+0.020,-,1,32,,,1.002192
1963 Sep. 30.70,38303.20721,Ga,W,12,25,00.036,+0.057,-,2,42,,,1.001320
1963 Oct. 1.70,38304.20698,KI,W,12,28,36.987,+0.108,-,3,5,,,1.001031
1963 Oct. 2.70,38305.20676,Ga,W,12,32,14.127,+0.080,-,3,28,,,1.000742
1963 Oct. 4.70,38307.20632,Pe,W,12,39,29.364,+0.037,-,4,15,09.69,-1.90,1.000169
1963 Oct. 5.70,38308.20611,Sc,W,0,12,43,,-,4,38,16.98,-1.57,0.999884
1963 Oct. 9.70,38312.20531,To,W,12,57,44.124,-0.018,-,6,10,09.99,-0.96,0.998757
1963 Oct. 10.70,38313.20512,Rh.,W,13,1,24.485,+0.073,-,6,32,57.24,-0.71,0.998477
1963 Oct. 11.70,38314.20494,P.,W,0,13,05,,-,6,55,39.79,-0.84,0.998196
1963 Oct. 15.70,38318.20427,Se,E,13,19,53.442,+0.150,-,8,25,30.37,-0.63,0.997072
1963 Oct. 16.70,38319.20412,KI,E,13,23,36.749,+0.066,-,8,47,41.32,-0.51,0.996790
1963 Oct. 18.70,38321.20383,Pe,E,13,31,05.289,+0.072,-,9,31,40.50,-0.29,0.996226
1963 Oct. 21.70,38324.20346,Rh,E,13,42,22.697,+0.102,-,10,36,37.43,-1.05,0.995379
1963 Oct. 24.70,38327.20315,To,E,13,53,45.879,+0.085,-,11,40,08.28,-0.85,0.994536
1963 Oct. 25.70,38328.20307,Ga,E,13,57,34.955,+0.077,-,12,0,57.94,-1.05,0.994257
1963 Oct. 30.70,38333.20276,Sc,E,14,16,51.135,+0.113,-,13,42,09.90,-0.28,0.992895
1963 Nov. 18.70,38352.20374,Rn,W,15,33,10.163,+0.103,-,19,10,09.53,+0.91,0.988425
1963 Nov. 19.70,38353.20389,Pe,W,15,37,19.673,+0.118,-,19,24,25.03,-0.87,0.988214
1963 Nov. 20.70,38354.20404,Rn,W,15,41,29.971,+0.096,-,19,38,16.18,+0.69,0.988005
1963 Dec. 4.70,38368.20717,KI,W,16,41,12.789,+0.083,-,22,12,30.20,-0.37,0.985512
1963 Dec. 7.70,38371.20804,So,W,16,54,17.388,+0.108,-,22,35,01.20,+0.84,0.985112
1963 Dec. 15.71,38379.21059,Se,E,17,29,30.626,+0.177,-,23,15,,,0.984231
1963 Dec. 22.71,38386.21298,Se,E,18,0,34.141,+0.101,-,23,26,36.37,-0.30,0.983658
1964 Jan. 2.71,38397.21671,Ga,E,0,18,49,,-,22,57,32.02,+0.29,0.983263
1964 Jan. 3.71,38398.21704,Ka,E,18,53,43.961,+0.037,-,22,52,,,0.983265
1964 Jan. 4.71,38399.21735,Se,E,18,58,08.202,+0.077,-,22,46,13.63,+0.40,0.983274
1964 Jan. 7.71,38402.21828,Ka,E,19,11,18.411,+0.063,-,22,25,53.68,-0.25,0.983330
1964 Jan. 18.72,38413.22122,Sc,W,19,58,54.911,+0.098,-,20,38,03.71,+1.41,0.983875
1964 Jan. 28.72,38423.22303,Se,W,20,40,56.957,+0.137,-,18,18,,,0.984822
1964 Jan. 29.72,38424.22316,Ka,W,20,45,04.617,+0.028,-,18,3,08.42,-0.01,0.984948
1964 Jan. 30.72,38425.22328,To,W,20,49,11.625,+0.083,-,17,46,59.11,+0.22,0.985080
1964 Feb. 3.72,38429.22366,To,W,21,5,31.392,+0.136,-,16,39,,,0.985663
1964 Feb. 4.72,38430.22374,Sc,W,21,9,34.320,+0.147,-,16,21,36.26,+0.18,0.985821
1964 Feb. 5.72,38431.22380,To,W,21,13,36.445,+0.140,-,16,3,38.96,+0.14,0.985984
1964 Feb. 17.72,38443.22387,To,E,22,1,01.237,+0.082,-,12,8,,,0.988198
1964 Feb. 20.72,38446.22370,KI,E,22,12,35.661,+0.078,-,11,4,56.06,+0.02,0.988811
1964 Feb. 22.72,38448.22354,Sc,E,22,20,15.189,+0.096,-,10,21,38.53,+1.59,0.989237
1964 Feb. 26.72,38452.22314,Ga,E:,22,35,26.457,+0.027,-,8,53,,,0.990135
1964 Feb. 27.72,38453.22302,,E,22,39,12.798,+0.022,-,8,30,,,0.990371
1964 Mar. 2.72,38457.22249,Rh,E,22,54,12.815,-0.021,-,6,59,56.72,+0.34,0.991354
1964 Mar. 10.72,38465.22118,Ка,E,23,23,51.875,+0.042,-,3,53,43.17,+0.18,0.993460
1964 Mar. 11.72,38466.22099,,E,23,27,32.678,+0.081,-,3,30,08.91,+0.51,0.993730
1964 Mar. 13.72,38468.22062,Ga,E,23,34,53.223,-0.035,-,2,42,53.99,+0.45,0.994273
1964 Mar. 16.72,38471.22004,Rh,E,23,45,52.351,+0.051,-,1,31,49.71,-0.02,0.995089
1964 Mar. 23.71,38478.21860,Rh,W,0,11,23.504,+0.036,+,1,14,03.72,+0.06,0.997009
1964 Mar. 24.71,38479.21838,,W,0,15,01.817,+0.085,+,1,37,41.08,+0.78,0.997288
1964 Mar. 26.71,38481.21796,Ga,W,0,22,18.127,+0.003,+,2,24,45.47,-0.47,0.997852
1964 Mar. 27.71,38482.21775,To,W,0,25,56.325,+0.022,+,2,48,15.52,+1.13,0.998136
1964 Apr. 5.71,38491.21588,Ka,W,0,58,43.592,+0.070,+,6,16,19.55,+0.75,1.000758
1964 Apr. 16.71,38502.21387,KI,E,1,39,11.576,+0.055,+,10,18,29.38,-0.32,1.003893
1964 Apr. 23.71,38509.21284,KI,E,2,5,18.300,-0.025,+,12,42,19.88,-0.09,1.005768
1964 Apr. 26.71,38512.21248,Ка,E,2,16,36.385,+0.020,+,13,40,56.15,+0.22,1.006559
1964 May. 4.71,38520.21177,Pe,E,2,47,07.357,-0.021,+,16,6,56.23,+0.45,1.008623
1964 May. 5.71,38521.21171,To,E,0,50,58.796,+0.026,+,16,24,02.67,+0.42,1.008872
1964 May. 6.71,38522.21166,KI,E,2,54,50.797,+0.057,+,16,40,53.32,+0.79,1.009120
1964 May. 7.71,38523.21161,Rh,E,2,58,43.302,+0.009,+,16,57,27.08,+0.84,1.009364
1964 May. 8.71,38524.21157,Pe,E,,,,-0.054,+,17,13,43.03,0.00,1.009603
1964 May. 11.71,38527.21149,Rh,E,0,14,19.340,-0.021,+,18,0,48.95,-0.21,1.010299
1964 May. 16.71,38532.21150,Sc,W,3,34,02.523,+0.124,+,19,13,13.23,+0.15,1.011369
1964 May. 18.71,38534.21154,Ga,W,3,41,59.457,+0.005,+,19,39,,,1.011768
1964 May. 19.71,38535.21157,Pe,W,3,45,58.831,+0.054,+,19,52,46.55,+0.06,1.011962
1964 May. 20.71,38536.21161,To,W,3,49,58.597,-0.030,+,20,5,,,1.012153
1964 May. 21.71,38537.21166,KI,W,3,53,59.073,+0.076,+,20,17,27.95,+0.87,1.012340
1964 May. 23.71,38539.21176,Sc,,,,,,+,20,40,44.42,+0.35,1.012708
1964 May. 25.71,38541.21189,Pe,W,4,10,05.655,+0.061,+,21,2,35.61,-0.07,1.013066
1964 May. 26.71,38542.21197,Sc,W,4,14,08.595,+0.103,+,21,12,59.64,+0.68,1.013240
1964 May. 27.71,38543.21204,Pe,W,4,18,11.934,+0.068,+,21,23,,,1.013413
1964 May. 30.71,38546.21231,Sc,,4,30,24.864,+0.084,+,21,50,49.83,-0.79,1.013912
1964 Jun. 4.71,38551.21286,To,W,4,50,54.830,+0.032,+,22,29,,,1.014678
1964 Jun. 5.71,38552.21298,Pe,W,4,55,02.029,+0.090,+,22,36,13.14,+0.12,1.014819
1964 Jun. 11.71,38558.21379,To,E,5,19,51.188,+0.042,+,23,7,21.53,-0.61,1.015549
1964 Jun. 15.71,38562.21437,Ga,E,5,36,27.906,-0.123,+,23,20,00.29,-0.55,1.015918
1964 Jun. 16.71,38563.21452,Pe,E,0,40,37.543,+0.035,+,23,22,,,1.015997
1964 Jun. 17.71,38564.21467,Se,E,5,44,47.078,+0.027,+,23,23,52.29,+0.38,1.016072
1964 Jun. 20.71,38567.21512,Sc,E,5,57,15.949,+0.148,+,23,26,32.12,-0.19,1.016271
1964 Jun. 25.71,38572.21586,Rh,E,6,18,02.947,+0.033,+,23,22,43.14,-0.41,1.016526
1964 Jun. 26.71,38573.21601,To,E,6,22,12.006,-0.015,+,23,20,42.54,-1.09,1.016566
1964 Jun. 27.71,38574.21615,So,E,6,26,21.029,+0.047,+,23,18,19.26,+0.10,1.016603
1964 Jun. 30.71,38577.21657,Se,E,6,38,46.727,-0.020,+,23,8,39.31,+0.25,1.016692
1964 Jul. 2.71,38579.21683,To,E,6,47,02.859,+0.042,,,,,-1.04,1.016729
1964 Jul. 7.71,38584.21744,To,W,7,7,38.024,+0.049,+,22,32,,,1.016736
1964 Jul. 9.71,38586.21765,KI,W,7,15,49.643,+0.064,+,22,17,59.09,-0.28,1.016697
1964 Jul. 11.71,38588.21784,Sc,W,7,23,59.635,+0.147,+,22,2,26.75,+0.64,1.016632
1964 Jul. 15.71,38592.21817,KI,W,7,40,13.656,+0.130,+,21,26,48.26,-0.41,1.016432
1964 Jul. 16.71,38593.21823,Ga,W,7,44,15.787,+0.046,+,21,16,58.93,-0.11,1.016370
,38594.21829,Pe,W,7,48,17.490,+0.063,+,21,6,46.87,-0.89,1.016302
1964 Jul. 23.71,38600.21851,KI,W,8,12,15.767,+0.082,+,19,58,,,1.015811
1964 Jul. 29.71,38606.21848,Ga,W,8,35,52.990,+0.133,+,18,37,52.10,-0.63,1.015198
1964 Aug. 5.71,38613.21815,Pe,E,9,2,59.422,-0.037,+,16,50,10.02,-0.40,1.014306
1964 Aug. 6.71,38614.21807,To,E,9,6,49.554,+0.065,+,16,33,38.33,-1.02,1.014159
1964 Aug. 14.71,38622.21722,Pe,E,9,37,08.591,+0.045,+,14,12,19.39,-0.75,1.012787
1964 Aug. 15.71,38623.21709,Rh,E,9,40,53.362,+0.005,+,13,53,35.73,-0.41,1.012596
1964 Aug. 16.71,38624.21695,Sc,E,9,44,37.662,+0.034,+,13,34,39.05,+0.09,1.012400
1964 Aug. 19.71,38627.21648,Ga,E,9,55,47.330,+0.032,+,12,36,31.25,-0.53,1.011796
1964 Aug. 20.71,38628.21632,Sc,E,9,59,29.548,+0.038,+,12,16,44.39,-0.81,1.011590
1964 Aug. 24.71,38632.21560,Rh,E,10,14,13.793,+0.051,+,10,55,45.43,-0.59,1.010742
1964 Aug. 27.71,38635.21502,Ga,E,10,25,12.636,+0.088,+,9,53,11.07,-0.63,1.010085
1964 Aug. 1.71,38640.21396,To,E,10,43,23.741,+0.016,+,8,5,48.55,0.00,1.008946
1964 Sep. 2.71,38641.21374,Ga,E,10,47,01.215,+0.133,+,7,43,,,1.008708
1964 Sep. 3.71,38642.21351,Rh,E,10,50,38.192,+0.008,+,7,21,52.94,-0.63,1.008467
1964 Sep. 4.71,38643.21329,To,E,10,54,15.019,-0.016,+,6,59,43.68,-1.39,1.008222
1964 Sep. 5.71,38644.21306,Se,E,10,57,51.719,+0.070,+,6,37,28.37,-1.33,1.007974
1964 Sep. 7.71,38646.21259,Rh,E,11,5,04.311,+0.074,+,5,52,40.32,+0.75,1.007405
1964 Sep. 16.71,38655.21040,Sc,W,11,37,23.584,+0.027,+,2,26,42.77,-0.60,1.005033
1964 Sep. 17.71,38656.21015,To,W,11,40,58.740,+0.081,+,2,3,30.66,-1.32,1.004754
1964 Sep. 25.70,38664.20819,,W,12,9,41.566,+0.072,,,,,.33,1.002518
1964 Sep. 26.70,38665.20796,Sc,W,12,13,17.581,+0.112,-,1,26,24.19,-0.56,1.002240
1964 Oct. 8.70,38677.20536,Pe,E,12,56,51.486,+0.066,-,6,4,41.30,-0.27,0.998833
1964 Oct. 9.70,38678.20517,To,E,13,0,31.741,+0.098,-,6,27,31.35,-0.96,0.998541
1964 Oct. 10.70,38679.20499,So,E,13,4,12.417,+0.097,-,6,50,,,0.998249
1964 Oct. 12.70,38681.20464,Ga,E,13,11,35.041,-0.026,-,7,35,25.65,+0.15,0.997665
1964 Oct. 13.70,38682.20447,Sc,E,13,15,17.252,+0.064,-,7,57,51.76,+0.31,0.997373
1964 Oct. 14.70,38683.20431,Ga,E,13,19,00.003,+0.175,-,8,20,13.24,-1.65,0.997083
1964 Oct. 21.70,38690.20337,To,E,13,45,14.315,+0.048,-,10,52,48.08,-0.37,0.995092
1964 Oct. 22.70,38691.20327,Rh,E,13,49,01.756,+0.040,-,11,14,00.73,-0.92,0.994819
1964 Oct. 24.70,38693.20308,Sc,E,13,56,38.801,+0.079,-,11,55,53.66,-0.36,0.994279
1964 Oct. 26.70,38695.20293,Ga,E,14,4,18.675,+0.031,-,12,37,04.72,-1.02,0.993750
1964 Oct. 27.70,38696.20287,To,,14,8,09.788,+0.056,-,12,57,,,0.993488
1964 Oct. 30.70,38699.20273,Se,W,14,19,47.735,+0.074,-,13,57,01.83,+0.18,0.992716
1964 Oct. 31.70,38700.20270,Se,W,14,23,41.949,+0.060,-,14,16,30.62,-1.03,0.992461
1964 Nov. 2.70,38702.20268,KI,W,14,31,32.905,+0.129,-,14,54,43.13,+0.13,0.991956
1964 Nov. 4.70,38704.20269,Ga,W,14,39,27.063,+0.112,-,15,31,,,0.991454
1964 Nov. 5.70,38705.20271,To,W,14,43,25.402,+0.124,-,15,50,15.00,-0.99,0.991206
1964 Nov. 7.70,38707.20278,So,W,14,51,24.534,+0.102,-,16,25,57.06,-0.72,0.990712
1964 Nov. 9.70,38709.20289,Pe,W,14,59,27.004,+0.079,-,17,0,32.48,-0.26,0.990226
1964 Nov. 10.70,38710.20296,Sc,W,15,3,29.518,+0.096,-,17,17,25.61,-1.45,0.989986
1964 Nov. 12.70,38712.20312,So,W,15,11,37.023,+0.103,-,17,50,14.23,-0.14,0.989515
1964 Nov. 14.70,38714.20333,Sc,W,15,19,47.889,+0.141,-,18,21,,,0.989056
1964 Nov. 17.70,38717.20371,Ga,W,15,32,10.235,+0.036,-,19,6,45.15,0.00,0.988397
1964 Nov. 18.70,38718.20385,Sc,W,15,36,19.430,+0.091,-,19,21,,,0.988186
1964 Nov. 21.70,38721.20435,Sc,W,15,48,51.799,+0.100,-,20,1,50.90,-0.61,0.987587
1964 Nov. 23.70,38723.20472,Pe,W,15,57,17.435,+0.095,-,20,27,11.74,+0.92,0.987212
1964 Nov. 24.70,38724.20492,Sc,W,16,1,31.471,+0.120,-,20,39,19.60,+0.55,0.987031
1964 Dec. 1.70,38731.20657,Ga,E,16,31,30.512,+0.111,-,21,53,,,0.985881
1964 Dec. 7.70,38737.20828,KI,E,0,16,57,,-,22,40,10.30,+1.50,0.985024
1964 Dec. 14.71,38744.21052,Pe,E,17,28,27.529,+0.094,-,23,14,45.59,+0.35,0.984196
1964 Dec. 15.71,38745.21085,Ga,E,17,32,52.989,+0.056,-,23,17,51.93,-0.06,0.984097
1964 Dec. 16.71,38746.21119,Sc,E,17,37,18.738,+0.068,,,,,+1.40,0.984005
1964 Dec. 19.71,38749.21221,Sc,E,17,50,37.068,+0.143,-,23,25,34.48,+0.54,0.983764
1965 Jan. 11.71,38772.21968,Sc,W,19,32,04.488,+0.113,,,,,-0.51,0.983483
1965 Jan. 14.72,38775.22046,Rh,W,19,45,02.000,+0.119,-,21,15,04.83,-0.19,0.983624
1965 Jan. 19.72,38780.22161,KI,,20,6,24.183,+0.120,-,20,16,16.94,+1.23,0.983985
1965 Jan. 21.72,38782.22201,Rh,W,20,14,51.950,+0.094,-,19,50,05.04,+0.40,0.984174
1965 Jan. 22.72,38783.22219,Ga,W,20,19,04.737,+0.105,-,19,36,24.71,+0.91,0.984277
1965 Jan. 27.72,38788.22300,Ga,W,20,39,57.032,+0.031,-,18,22,46.00,+0.15,0.984865
1965 Jan. 28.72,38789.22313,KI,W,20,44,05.180,+0.066,-,18,6,59.31,+1.48,0.984994
1965 Feb. 4.72,38796.22380,Ga,E,21,12,39.113,+0.001,-,16,7,58.40,-0.01,0.986000
1965 Feb. 6.72,38798.22391,Sc,E,21,20,41.498,+0.096,-,15,31,20.83,+0.60,0.986315
1965 Feb. 15.72,38807.22392,Rh,E,21,56,11.952,+0.017,-,12,34,21.00,+0.22,0.987932
1965 Feb. 16.72,38808.22388,Ga,E,22,0,04.853,+0.011,-,12,13,34.22,+1.33,0.988136
1965 Feb. 17.72,38809.22383,KI,E,22,3,57.103,+0.061,-,11,52,38.01,+0.23,0.988345
1965 Feb. 18.72,38810.22377,Rh,E,22,7,48.612,+0.065,-,11,31,29.68,0.00,0.988558
1965 Feb. 20.72,38812.22363,Sc,E,22,15,29.640,+0.069,-,10,48,38.54,+1.63,0.988999
1965 Feb. 23.72,38815.22337,KI,E,22,26,56.406,+0.030,-,9,43,10.65,+0.31,0.989688
1965 Feb. 27.72,38819.22292,Sc,W,22,42,03.982,+0.059,-,8,13,48.41,+0.68,0.990646
1965 Mar. 11.72,38831.22104,To,W,23,26,39.707,+0.077,-,3,35,47.86,+0.90,0.993672
1965 Mar. 12.72,38832.22086,Ga,W,23,30,20.057,+0.010,-,3,12,14.23,-0.80,0.993934
1965 Mar. 13.72,38833.22067,Sc,W,23,34,00.217,+0.067,-,2,48,35.31,+0.79,0.994200
1965 Mar. 19.71,38839.21947,To,W,23,55,55.678,+0.075,-,0,26,26.98,+1.85,0.995844
1965 Mar. 23.71,38843.21863,KI,W,0,10,29.566,+0.057,+,1,8,13.51,+0.22,0.996989
1965 Mar. 27.71,38847.21779,Sc,W,0,25,02.688,+0.046,+,2,42,27.50,-0.22,0.998152
1965 Mar. 31.71,38851.21695,KI,E,0,39,36.216,+0.012,,,,,-0.05,0.999313
1965 Mar. 1.71,38852.21674,Rh,E,0,43,14.870,+0.072,+,4,39,02.57,+0.67,0.999602
1965 Mar. 5.71,38856.21593,To,E,0,57,50.456,-0.038,+,6,10,51.07,+1.26,1.000739
1965 Apr. 8.71,38859.21534,KI,E,1,8,49.120,+0.048,,,,,+1.03,1.001580
1965 Apr. 10.71,38861.21496,Sc,,1,16,09.207,-0.003,+,8,3,07.81,+0.85,1.002136
1965 Apr. 13.71,38864.21441,Ga,E,0,1,27,,+,9,8,53.65,+0.58,1.002970
1965 Apr. 14.71,38865.21424,To,E,1,30,52.671,-0.059,+,9,30,30.78,+0.28,1.003248
1965 Apr. 16.71,38867.21390,To,E,1,38,16.440,+0.002,+,10,13,16.14,-0.39,1.003805
1965 Apr. 17.71,38868.21373,Sc,E,1,41,58.919,+0.072,+,10,34,25.11,+0.57,1.004085
1965 Apr. 20.71,38871.21327,KI,E,1,53,08.460,-0.062,+,11,36,45.21,+0.26,1.004921
1965 Apr. 21.71,38872.21313,Gv,E,1,56,52.578,-0.033,+,11,57,,,1.005199
1965 Apr. 3.71,38884.21185,Rn,E,2,42,20.304,+0.024,+,15,45,18.93,+0.32,1.008359
1965 Apr. 4.71,38885.21178,To,E,2,46,10.965,-0.071,+,16,2,46.89,+1.40,1.008600
1965 Apr. 11.71,38892.21149,Ga,E,3,13,21.653,+0.032,+,17,57,06.88,-0.22,1.010202
1965 May. 13.71,38894.21146,To,E,3,21,12.518,+0.008,+,18,27,08.27,-0.24,1.010638
1965 May. 14.71,38895.21146,Gv,,3,25,08.800,+0.005,+,18,41,42.05,+0.69,1.010853
1965 May. 15.71,38896.21146,Sc,E,3,29,05.749,+0.091,+,18,55,56.32,+1.06,1.011066
1965 May. 18.71,38899.21151,Ga,E,3,40,59.682,+0.011,+,19,36,42.13,+1.07,1.011694
1965 May. 19.71,38900.21154,So,E,3,44,58.817,+0.010,+,19,49,36.67,-0.10,1.011898
1965 May. 25.71,38906.21186,KI,E,4,9,05.196,+0.034,+,20,59,59.21,+0.57,1.013063
1965 May. 27.71,38908.21201,Rh,E,4,17,11.548,+0.074,+,21,20,35.65,+0.27,1.013419
1965 May. 28.71,38909.21209,To,E,,,,+0.060,+,21,30,20.88,+0.24,1.013591
1965 May. 31.71,38912.21238,Gv,E,4,33,29.752,-0.057,+,21,57,22.55,+0.71,1.014072
1965 Jun. 2.71,38914.21259,Rh,W,4,41,41.631,+0.115,+,22,13,27.52,-0.75,1.014365
1965 Jun. 4.71,38916.21282,Ga,W,4,49,54.707,+0.038,+,22,28,02.33,+0.86,1.014636
1965 Jun. 5.71,38917.21295,Sc,W,4,54,01.840,+0.101,+,22,34,43.73,+1.00,1.014764
1965 Jun. 6.71,38918.21307,Gv,,4,58,09.198,+0.088,,,,,-023,1.014888
1965 Jun. 7.71,38919.21320,KI,W,5,2,16.757,+0.002,+,22,46,53.77,+0.29,1.015008
1965 Jun. 11.71,38923.21374,To,W,5,18,49.861,+0.051,+,23,6,25.32,-0.16,1.015450
1965 Jun. 18.71,38930.21476,To,W,0,5,47,,+,23,24,54.23,-0.22,1.016093
1965 Jun. 20.71,38932.21506,Gv,W,5,56,13.658,+0.126,,,,,0.49,1.016245
1965 Jun. 21.71,38933.21521,KI,W,6,0,23.248,+0.089,,,,,+0.23,1.016314
1965 Jun. 23.71,38935.21551,KI,W,6,8,42.456,+0.107,+,23,25,46.29,+1.15,1.016439
1965 Jun. 25.71,38937.21581,To,W,6,17,01.381,+0.079,+,23,23,11.49,-0.51,1.016544
1965 Jul. 8.71,38950.21752,Gv,E,7,10,44.214,+0.012,+,22,26,56.74,+0.79,1.016649
1965 Jul. 9.71,38951.21762,He,E,7,14,49.752,+0.004,+,22,19,49.11,-0.30,1.016622
1965 Jul. 16.71,38958.21820,Ga,E,7,43,15.950,+0.117,+,21,19,28.34,+0.13,1.016329
1965 Jul. 19.71,38961.21836,Gv,E,7,55,19.629,+0.065,+,20,48,05.93,-0.84,1.016149
1965 Jul. 21.71,38963.21844,Ga,E,8,3,19.450,+0.055,+,20,25,27.36,+0.54,1.016009
1965 Jul. 26.71,38968.21852,Gv,W,8,23,09.475,+0.193,+,19,22,50.31,-0.39,1.015574
1965 Jul. 27.71,38969.21852,Sv,W,8,27,05.553,+0.026,+,19,9,19.74,-0.77,1.015469
1965 Aug. 4.71,38977.21823,KI,W,8,58,13.450,+0.122,+,17,10,19.02,-0.23,1.014433
1965 Aug. 6.71,38979.21809,Ga,W,9,5,54.135,+0.084,+,16,37,41.04,-0.51,1.014127
1965 Aug. 10.71,38983.21772,Gv,W,9,21,08.381,+0.137,+,15,29,16.11,-0.58,1.013476
1965 Aug. 12.71,38985.21750,Gv,W,9,28,41.865,+0.023,+,14,53,33.67,-0.51,1.013133
1965 Aug. 16.71,38989.21697,KI,W,0,43,42.539,+0.098,+,13,39,20.74,-0.42,1.012415
1965 Aug. 17.71,38990.21682,Sv,W,9,47,26.391,+0.100,+,13,20,13.38,-1.12,1.012229
1965 Aug. 18.71,38991.21667,Ga,W,9,51,09.752,+0.102,+,13,0,54.67,-0.52,1.012041
1965 Aug. 29.71,39002.21466,Gv,W,10,31,37.692,+0.057,,,,,-0.22,1.009709
1965 Aug. 30.71,39003.21445,Du,E,10,35,16.044,+0.054,+,8,54,,,1.009471
1965 Sep. 1.71,39005.21402,Ga,E,10,42,31.787,+0.097,+,8,11,01.06,-1.42,1.008985
1965 Sep. 2.71,39006.21380,To,E,10,46,09.109,+0.035,+,7,49,08.64,-1.98,1.008737
1965 Sep. 3.71,39007.21357,Du,E,0,10,49,,+,7,27,10.93,-0.31,1.008485
1965 Sep. 7.71,39011.21264,Ga,E,11,4,12.011,+0.066,+,5,58,,,1.007463
1965 Sep. 9.71,39013.21217,Du,E,0,11,11,,+,5,12,55.46,-1.01,1.006944
1965 Sep. 10.71,39014.21192,KI,E,11,14,59.202,+0.046,+,4,50,12.97,-0.89,1.006683
1965 Sep. 16.71,39020.21045,KI,E,11,36,30.724,+0.064,+,2,32,23.92,-1.48,1.005101
1965 Sep. 18.70,39022.20995,Sv,E,11,43,41.069,+0.094,+,1,46,00.80,-0.19,1.004566
1965 Oct. 5.70,39039.20601,KI,W,12,45,00.530,+0.017,-,4,50,14.70,-0.88,0.999728
1965 Oct. 6.70,39040.20580,Rh,W,,,,+0.044,-,5,13,16.22,+0.28,0.999436
1965 Oct. 8.70,39042.20541,To,W,12,55,58.043,+0.110,-,5,59,09.96,-0.60,0.998854
1965 Oct. 18.70,39052.20376,To,W,13,33,00.644,+0.076,-,9,42,54.93,-0.66,0.996044
1965 Oct. 19.70,39053.20363,Sy,W,13,36,46.153,+0.135,-,10,4,37.98,-0.74,0.995771
1965 Oct. 20.70,39054.20351,Gv,W,13,40,32.170,+0.051,-,10,26,11.40,-0.02,0.995498
1965 Oct. 26.70,39060.20295,Gv,W,14,3,23.159,+0.103,-,12,32,11.39,-1.03,0.993864
1965 Oct. 28.70,39062.20283,Sv,W,14,11,05.818,+0.037,-,13,12,41.63,-0.27,0.993322
1965 Oct. 29.70,39063.20278,To,W,14,14,58.364,+0.109,-,13,32,39.02,-0.63,0.993053
1965 Oct. 30.70,39064.20274,Rh,W,14,18,51.569,+0.079,-,13,52,21.73,+0.66,0.992785
1965 Nov. 1.70,39066.20269,Sv,W,14,26,40.369,+0.101,-,14,31,10.03,+0.12,0.992254
1965 Nov. 2.70,39067.20268,To,W,14,30,35.914,+0.084,-,14,50,13.64,-0.65,0.991992
1965 Nov. 3.70,39068.20268,Du,W,0,14,34,,-,15,9,00.32,+0.99,0.991733
1965 Nov. 5.70,39070.20270,Rh,W,14,42,27.413,+0.096,-,15,45,52.76,-0.15,0.991225
1965 Nov. 7.70,39072.20276,Gv,W,14,50,25.809,+0.093,-,16,21,41.52,-0.63,0.990729
1965 Nov. 14.70,39079.20329,Gy,E,15,18,47.068,+0.147,-,18,18,01.56,-1.10,0.989126
1965 Nov. 15.70,39080.20340,To,E,15,22,53.550,+0.145,-,18,33,22.94,+1.11.,0.988914
1965 Nov. 23.70,39088.20467,To,E,15,56,15.939,+0.129,-,20,24,16.73,-1.10,0.987318
1965 Nov. 26.70,39091.20530,To,E,16,9,00.019,+0.048,-,20,59,47.07,+0.04,0.986760
1965 Nov. 28.70,39093.20576,Gv,E,16,17,33.163,+0.105,-,21,21,30.26,+0.01,0.986405
1965 Nov. 30.70,39095.20625,KI,E,16,26,08.994,+0.116,-,21,41,36.35,-0.18,0.986063
1965 Dec. 2.70,39097.20678,To,E,16,34,47.337,+0.065,-,22,0,,,0.985737
1965 Dec. 8.70,39103.20850,Sv,E,17,0,56.295,+0.132,-,22,45,02.77,-1.07,0.984881
1965 Dec. 9.70,39104.20881,To,E,17,5,19.536,+0.115,-,22,50,59.87,-0.91,0.984759
1965 Dec. 20.71,39115.21246,Du,E,17,53,58.166,+0.060,-,23,26,14.11,+0.99,0.983775
1965 Dec. 22.71,39117.21316,KI,W,18,2,51.480,+0.133,-,23,26,35.37,+0.17,0.983652
1965 Dec. 28.71,39123.21523,Gv,W,18,29,30.210,+0.097,-,23,16,17.65,+0.46,0.983377
1965 Dec. 29.71,39124.21557,Du,W,18,33,56.138,+0.104,-,23,12,55.95,+0.73,0.983347
1966 Jan. 4.71,39130.21753,Sv,W,0,19,00,,-,22,43,04.29,+1.27,0.983270
1966 Jan. 8.71,39134.21874,Gv,W,19,17,56.895,+0.130,-,22,14,09.36,0.00,0.983342
1966 Jan. 9.71,39135.21903,Gv,W,19,22,18.510,+0.123,-,22,5,48.11,+1.29,0.983377
1966 Jan. 10.71,39136.21932,To,W,19,26,39.661,+0.178,-,21,57,02.91,+0.59,0.983418
1966 Jan. 11.71,39137.21959,To,W,19,31,00.063,+0.055,-,21,47,52.11,-0.12,0.983465
1966 Jan. 12.71,39138.21986,Gv,W,19,35,20.039,+0.071,-,21,38,,,0.983517
1966 Jan. 14.72,39140.22038,Du,W,19,43,58.184,+0.107,-,21,17,45.12,+0.52,0.983638
1966 Jan. 17.72,39143.22111,To,W,19,56,50.527,+0.094,-,20,43,57.42,+0.40,0.983855
1966 Jan. 18.72,39144.22133,Du,W,20,1,06.638,+0.120,-,20,31,52.94,+1.17,0.983936
1966 Jan. 19.72,39145.22155,To,W,20,5,21.958,+0.064,-,20,19,27.16,-0.08,0.984020
1966 Feb. 6.72,39163.22388,Gv,E,21,19,42.398,+0.081,-,15,35,55.04,+0.64,0.986225
1966 Feb. 14.72,39171.22395,Du,E,21,51,20.828,+0.108,-,12,59,58.83,-0.18,0.987720
1966 Feb. 17.72,39174.22384,Gv,E,22,3,00.496,+0.016,-,11,57,48.74,-0.21,0.988341
1966 Feb. 20.72,39177.22365,Sv,E,22,14,33.979,-0.006,-,10,53,,,0.988984
1966 Feb. 21.72,39178.22358,To,E,22,18,23.874,+0.062,-,10,32,16.81,+0.11,0.989202
1966 Feb. 23.72,39180.22340,Sv,E,0,22,26,,-,9,48,29.64,+1.36,0.989645
1966 Feb. 26.72,39183.22308,Sv,E,22,37,23.586,+0.104,-,8,41,45.32,+1.10,0.990325
1966 Mar. 8.72,39193.22161,To,E,23,14,42.034,+0.058,-,4,52,01.80,+1.58,0.992780
1966 Mar. 10.72,39195.22126,Rh,E,23,22,04.530,+0.015,-,4,5,,,0.993314
1966 Mar. 12.72,39197.22089,Sv,E,23,29,25.925,+0.137,-,3,18,,,0.993858
1966 Mar. 17.71,39202.21992,KI,E,23,47,44.560,+0.080,+,1,19,41.08,+0.99,0.995252
1966 Mar. 18.71,39203.21972,Du,E,23,51,23.646,+0.052,-,0,55,,,0.995533
1966 Mar. 21.71,39206.21910,Sv,E,0,2,19.987,-0.034,+,0,15,10.59,+0.19,0.996379
1966 Mar. 22.71,39207.21890,Sv,E,0,5,58.615,+0.021,,,,,+0.29,0.996660
1966 Mar. 23.71,39208.21869,KI,E,0,9,37.151,+0.088,+,1,2,33.14,+1.14,0.996941
1966 Mar. 25.71,39210.21827,To,E,0,16,53.865,+0.044,+,1,49,,,0.997502
1966 Mar. 29.71,39214.21743,Du,E,0,31,27.066,+0.062,+,3,23,43.72,+0.90,0.998621
1966 Apr. 8.71,39224.21538,Du,E,1,7,55.282,+0.033,,,,,,1.001463
1966 Jun. 6.71,39283.21304,KI,E,4,57,09.377,+0.040,+,22,39,32.50,+0.50,1.014807
1966 Jun. 9.71,39286.21343,Sv,E,5,9,32.871,+0.018,+,22,56,18.31,+0.75,1.015192
1966 Jun. 12.71,39289.21385,Gv,E,5,21,58.789,+0.052,+,23,9,25.58,-0.19,1.015540
1966 Jun. 15.71,39292.21429,Gv,E,5,34,26.497,+0.058,+,23,18,53.66,-0.12,1.015845
1966 Jun. 20.71,39297.21504,Gv,E,5,55,14.890,+0.043,+,23,26,26.56,+0.27,1.016240
1966 Jun. 21.71,39298.21520,Ga,E,5,59,24.633,+0.027,+,23,26,43.45,+1.08,1.016301
1966 Jun. 22.71,39299.21535,Du,E,6,3,34.352,+0.030,+,23,26,33.77,+0.21,1.016355
1966 Jun. 30.71,39307.21651,He,E,0,6,36,,+,23,10,31.99,+0.11,1.016619
1966 Jul. 1.71,39308.21665,To,E,6,40,55.741,+0.030,+,23,6,40.93,-0.40,1.016633
1966 Jul. 11.71,39318.21780,To,E,7,22,01.067,+0.030,+,22,6,24.47,-0.14,1.016581
1966 Jul. 16.71,39323.21820,Sv,W,7,42,18.716,-0.004,+,21,21,51.66,+0.61,1.016382
1966 Jul. 22.71,39329.21849,Du,W,8,6,23.033,+0.085,+,20,16,,,1.015946
1966 Jul. 25.71,39332.21854,Sv,W,8,18,17.193,+0.012,+,19,39,,,1.015653
1966 Jul. 26.71,39333.21854,Ga,W,8,22,14.098,+0.053,+,19,25,,,1.015546
1966 Jul. 31.71,39338.21845,Gv,W,8,41,49.216,+0.100,+,18,15,,,1.014961
1966 Aug. 1.71,39339.21842,He,W,8,45,42.355,+0.066,+,18,0,,,1.014834
1966 Aug. 16.71,39354.21702,He,E,9,42,50.039,+0.033,+,13,43,49.50,-0.56,1.012510
1966 Aug. 17.71,39355.21688,Du,E,9,46,34.131,+0.007,+,13,24,44.48,-1.21,1.012319
1966 Aug. 18.71,39356.21673,Rn,E,9,50,17.794,+0.077,+,13,5,28.00,-0.44,1.012123
1966 Aug. 24.71,39362.21571,He,E,10,12,28.878,+0.017,+,11,5,35.50,-0.70,1.010854
1966 Aug. 26.71,39364.21533,Du,E,10,19,49.014,+0.096,+,10,24,,,1.010406
1966 Aug. 27.71,39365.21513,Rh,E,10,23,28.364,+0.036,+,10,3,14.18,-0.82,1.010178
1966 Aug. 28.71,39366.21493,Rh,E,10,27,07.471,+0.129,+,9,42,08.71,+0.13,1.009949
1966 Aug. 30.71,39368.21451,Ga,E,10,34,24.294,+0.016,+,8,59,28.42,-0.14,1.009484
1966 Aug. 31.71,39369.21430,Gy,E,10,38,02.265,+0.023,+,8,37,56.33,+0.79,1.009249
1966 Sep. 1.71,39370.21408,He,E,10,41,39.973,+0.091,+,8,16,13.72,-0.51,1.009013
1966 Sep. 6.71,39375.21294,To,E,10,59,44.136,+0.001,+,6,25,,,1.007809
1966 Sep. 7.71,39376.21271,To,E,11,3,20.393,+0.059,,,,,-0.64,1.007562
1966 Sep. 9.71,39378.21223,To,E,11,10,32.316,+0.086,+,5,18,20.85,-1.16,1.007063
1966 Sep. 16.71,39385.21053,Du,W,11,35,40.445,+0.070,+,2,37,50.08,-0.73,1.005223
1966 Sep. 17.71,39386.21028,Gv,W,11,39,15.699,+0.107,,,,,-0.55,1.004948
1966 Sep. 30.70,39399.20715,Ga,W,12,25,59.981,+0.108,,,,,-1.85,1.001247
1966 Oct. 3.70,39402.20649,Gv,W,12,36,51.798,+0.100,-,3,58,21.66,+0.97,1.000397
1966 Oct. 4.70,39403.20627,Du,W,12,40,29.645,+0.021,-,4,21,33.21,-0.54,1.000115
1966 Oct. 5.70,39404.20606,Du,W,12,44,08.022,+0.096,-,4,44,40.03,-0.39,0.999833
1966 Oct. 6.70,39405.20585,KI,W,0,12,47,,-,5,7,44.59,-1.30,0.999553
1966 Oct. 7.70,39406.20565,Gv,W,12,51,25.708,+0.005,-,5,30,43.13,+0.08,0.999273
1966 Oct. 11.70,39410.20490,Ga,W,13,6,06.562,+0.038,-,7,1,59.25,-0.82,0.998149
1966 Oct. 13.70,39412.20455,Gv,W,13,13,29.922,+0.086,-,7,47,04.33,-0.47,0.997584
1966 Oct. 21.70,39420.20344,To,W,13,43,25.457,+0.100,-,10,42,35.18,+1.14,0.995302
1966 Oct. 26.70,39425.20297,Gv,W,14,2,28.052,+0.064,-,12,27,18.21,+0.20,0.993910
1966 Oct. 27.70,39426.20290,Cr,W,14,6,18.540,-0.076,-,12,47,41.90,-0.25,0.993639
1966 Oct. 28.70,39427.20284,To,W,14,10,10.035,+0.050,-,13,7,53.28,-0.45,0.993371
1966 Oct. 31.70,39430.20272,Ga,W,14,21,48.792,+0.073,-,14,7,10.85,+0.26,0.992587
1966 Nov. 1.70,39431.20269,To,W,14,25,43.207,-0.009,-,14,26,30.73,+0.11,0.992332
1966 Nov. 3.70,39433.20267,Gy,W,14,33,34.823,+0.173,-,15,4,,,0.991832
1966 Nov. 16.70,39446.20350,To,E,15,26,01.780,-0.029,-,18,44,55.65,+1.61,0.988808
1966 Nov. 22.70,39452.20444,To,E,15,51,02.120,+0.047,-,20,8,36.82,+0.42,0.987543
1966 Nov. 23.70,39453.20463,Rh,E,15,55,14.966,+0.075,-,20,21,18.03,+0.08,0.987345
1966 Nov. 29.70,39459.20593,Cr,E,16,20,47.651,+0.062,-,21,29,18.14,-0.09,0.986264
1966 Nov. 30.70,39460.20618,To,E,16,25,05.702,+0.147,-,21,39,,,0.986102
1966 Dec. 9.70,39469.20873,To,E,17,4,15.378,+0.095,-,22,49,35.44,+1.24,0.984868
1966 Dec. 12.70,39472.20969,Du,E,17,17,27.980,+0.181,-,23,5,06.66,+0.22,0.984525
1966 Dec. 16.71,39476.21101,To,E,17,35,09.375,+0.138,-,23,19,20.80,+0.57,0.984116
1966 Dec. 19.71,39479.21204,Du,E,17,48,27.712,+0.121,-,23,25,08.71,-0.45,0.983852
1966 Dec. 25.71,39485.21411,Rh,E,18,15,06.397,+0.176,-,23,23,59.47,-0.03,0.983462
1966 Dec. 27.71,39487.21479,Gv,E,18,23,58.810,+0.098,-,23,19,51.64,-1.02,0.983380
1966 Dec. 29.71,39489.21547,Ga,E,18,32,50.726,+0.118,-,23,13,50.17,-0.56,0.983324
1966 Dec. 30.71,39490.21581,To,E,18,37,16.307,+0.055,-,23,10,08.28,-1.09,0.983306
1967 Jan. 5.71,39496.21775,Du,E,19,3,44.184,+0.082,-,22,38,12.46,+0.64,0.983318
1967 Jan. 6.71,39497.21806,To,E,0,19,08,,-,22,31,17.03,+1.69,0.983338
1967 Jan. 9.71,39500.21896,Rh,E,19,21,14.887,+0.071,-,22,7,54.96,+1.21,0.983420
1967 Jan. 11.71,39502.21953,Du,E,19,29,57.118,+0.044,-,21,50,10.17,+0.44,0.983494
1967 Jan. 18.72,39509.22128,Du,W,20,0,05.084,+0.123,-,20,34,50.98,+1.40,0.983880
1967 Jan. 23.72,39514.22228,To,W,20,21,14.659,+0.075,-,19,29,,,0.984299
1967 Jan. 24.72,39515.22246,Ga,W,20,25,26.270,+0.103,-,19,15,05.70,+0.31,0.984400
1967 Jan. 25.72,39516.22262,Rh,W,20,29,37.104,+0.154,-,19,0,30.24,+1.76,0.984506
1967 Jan. 26.72,39517.22277,Gv,W,20,33,47.025,+0.094,-,18,45,36.61,+0.70,0.984619
1967 Jan. 30.72,39521.22330,Gv,W,20,50,18.839,+0.041,-,17,42,37.23,+0.41,0.985133
1967 Feb. 1.72,39523.22351,Du,W,20,58,29.993,+0.063,-,17,9,,,0.985423
1967 Feb. 2.72,39524.22360,Rn,W,21,2,34.448,+0.148,-,16,52,00.22,+2.05,0.985574
1967 Feb. 3.72,39525.22368,To,W,21,6,37.929,+0.058,-,16,34,34.09,+0.24,0.985730
1967 Feb. 8.72,39530.22395,Du,W,21,26,43.869,+0.113,-,15,3,01.07,+1.06,0.986561
1967 Feb. 10.72,39532.22399,Gv,W,21,34,40.628,+0.107,-,14,24,34.44,+0.98,0.986913
1967 Feb. 16.72,39538.22390,Ga,E,21,58,12.283,+0.104,-,12,23,42.88,+0.47,0.988040
1967 Feb. 23.72,39545.22342,Du,E,22,25,06.196,+0.046,,,,,+2.00,0.989512
1967 Mar. 1.72,39551.22272,KI,E,22,47,45.202,+0.024,-,7,39,29.15,+0.09,0.990943
1967 Mar. 2.72,39552.22258,Gv,E,22,51,29.945,+0.099,-,7,16,37.85,+1.88,0.991195
1967 Mar. 3.72,39553.22244,Du,E,22,55,14.098,+0.061,-,6,53,42.77,+1.13,0.991449
1967 Mar. 8.72,39558.22165,To,E,23,13,48.507,+0.043,-,4,57,42.86,+0.77,0.992751
1967 Mar. 9.72,39559.22148,Gv,E,23,17,30.323,+0.165,-,4,34,17.74,+0.41,0.993015
1967 Mar. 10.72,39560.22130,To,E,23,21,11.546,+0.059,-,4,10,47.91,+1.24,0.993280
1967 Mar. 30.71,39580.21726,Ga,E,0,34,12.124,+0.022,+,3,41,22.24,+0.90,0.998810
1967 Mar. 31.71,39581.21705,Cr,E,0,37,50.519,+0.047,+,4,4,38.91,+1.07,0.999103
1967 Apr. 4.71,39585.21622,To,E,0,52,25.197,+0.037,+,5,36,57.83,+1.12,1.000278
1967 Apr. 12.71,39593.21468,To,E,1,21,43.899,+0.051,+,8,36,34.89,+0.96,1.002575
1967 Apr. 14.71,39595.21433,Du,E,1,29,06.251,+0.059,+,9,20,08.99,+0.18,1.003131
1967 Apr. 20.71,39601.21335,Gv,W,1,51,21.414,+0.029,+,11,26,58.22,+0.94,1.004762
1967 May. 5.71,39616.21175,To,W,2,48,10.461,+0.024,+,16,11,43.48,+0.93,1.008707
1967 May. 9.71,39620.21156,Du,W,3,3,40.334,+0.075,+,17,18,13.41,+0.30,1.009667
1967 May. 10.71,39621.21153,To,W,0,3,07,,+,17,34,08.36,+0.20,1.009897
1967 May. 12.71,39623.21149,Ga,W,3,15,23.769,+0.088,+,18,5,04.55,-0.46,1.010346
1967 May. 19.71,39630.21154,Du,W,,,,+0.026,+,19,43,34.24,1.04,1.011791
1967 May. 25.71,39636.21183,Ga,W,4,7,09.026,+0.037,+,20,54,53.18,-0.19,1.012922
1967 May. 26.71,39637.21190,Du,W,4,11,11.658,+0.117,,,,,-0.16,1.013102
1967 Jun. 7.71,39649.21314,To,W,5,0,17.515,+0.076,+,22,44,10.05,+0.08,1.014977
1967 Jun. 9.71,39651.21340,Du,W,5,8,33.622,+0.062,+,22,55,08.23,-0.14,1.015219
1967 Jun. 12.71,39654.21382,Du,W,5,20,59.595,+0.073,+,23,8,34.34,+0.19,1.015541
1967 Jun. 13.71,39655.21397,To,W,5,25,08.613,+0.061,+,23,12,13.49,-0.30,1.015637
1967 Jun. 20.71,39662.21501,Rh,W,5,54,14.589,+0.094,+,23,26,19.19,-0.78,1.016187
1967 Jun. 21.71,39663.21516,La,W,0,5,58,,+,23,26,41.58,-0.16,1.016250
1967 Jun. 22.71,39664.21531,La,W,6,2,33.643,+0.030,+,23,26,38.89,+0.13,1.016311
1967 Jul. 5.71,39677.21712,To,W,6,56,26.242,+0.023,+,22,48,42.40,+0.08,1.016734
1967 Jul. 6.71,39678.21724,Du,W,7,0,33.365,+0.124,+,22,42,57.95,+0.52,1.016730
1967 Jul. 7.71,39679.21736,La,W,0,4,40.029,+0.114,+,22,36,48.35,-0.49,1.016721
1967 Jul. 10.71,39682.21768,Se,W,0,7,16,,+,22,16,02.23,-0.30,1.016654
1967 Jul. 12.71,39684.21787,To,W,7,25,07.264,+0.070,+,22,0,16.00,-0.22,1.016580
1967 Jul. 21.71,39693.21844,Se,W,0,1,25.351,+0.096,+,20,31,01.25,-0.85,1.016018
1967 Jul. 31.71,39703.21845,To,W,0,40,52.027,+0.091,+,18,19,24.02,+0.20,1.015051
1967 Jul. 14.71,39717.21732,Rh,W,9,34,25.991,+0.073,+,14,25,45.89,-0.81,1.012893
1967 Jul. 28.71,39731.21497,Rh,W,10,26,13.637,+0.140,+,9,47,22.54,-0.49,1.010042
1967 Jul. 29.71,39732.21476,Rh,W,10,29,52.505,+0.170,+,9,26,08.87,-0.27,1.009819
1967 Jul. 30.71,39733.21455,Gv,W,10,33,30.901,+0.065,,,,,+0.03,1.009593
1967 Aug. 31.71,39734.21434,To,W,10,37,09.111,+0.094,+,8,43,13.44,-0.83,1.009364
1967 Sep. 1.71,39735.21413,Cr,W,0,10,40,,+,8,21,34.15,+0.22,1.009131
1967 Sep. 5.71,39739.21323,Cr,W,10,55,15.664,+0.089,+,6,53,34.95,+0.07,1.008158
1967 Sep. 6.71,39740.21300,To,W,10,58,52.176,+0.064,+,6,31,16.37,-1.06,1.007905
1967 Sep. 15.71,39749.21083,Cr,W,11,31,13.100,+0.143,,,,,-1.01,1.005503
1967 Sep. 18.71,39752.21009,Ga,W,11,41,58.297,+0.096,+,1,57,07.12,-0.26,1.004681
1967 Sep. 20.70,39754.20959,KI,W,11,49,08.504,+0.088,+,1,10,36.16,-0.55,1.004131
1967 Sep. 22.70,39756.20910,To,W,11,56,18.965,+0.058,+,0,23,57.74,-0.94,1.003581
1967 Nov. 6.70,39801.20272,Rn,W,14,44,31.322,+0.096,-,15,55,17.65,+0.69,0.991151
1967 Nov. 8.70,39803.20279,To,W,14,52,30.826,+0.089,-,16,30,50.17,+1.07,0.990651
1967 Nov. 10.70,39805.20291,Rh,W,15,0,33.646,+0.114,-,17,5,15.69,+1.13,0.990163
1967 Nov. 13.70,39808.20314,KI,W,15,12,44.098,+0.131,-,17,54,43.11,-0.73,0.989455
1967 Nov. 14.70,39809.20324,Rh,W,15,16,49.228,+0.104,-,18,10,34.30,-0.38,0.989228
1967 Nov. 15.70,39810.20335,Du,W,15,20,55.201,+0.072,-,18,26,06.37,-0.02,0.989004
1967 Nov. 16.70,39811.20347,To,W,15,25,02.127,+0.148,-,18,41,18.39,+0.91,0.988785
1967 Nov. 20.70,39815.20404,Du,W,15,41,37.806,+0.022,-,19,38,47.99,+1.43,0.987954
1967 Nov. 25.70,39820.20497,Rh,W,16,2,41.255,+0.184,-,20,42,39.71,+0.95,0.987018
1967 Nov. 26.70,39821.20519,Rh,W,16,6,56.258,+0.149,-,20,54,17.32,+1.84,0.986843
1967 Dec. 8.70,39833.20836,To,E,16,58,49.962,+0.065,-,22,42,04.38,-0.45,0.984976
1967 Dec. 13.70,39838.20994,To,E,17,20,49.623,+0.112,-,23,8,,,0.984365
1967 Dec. 15.71,39840.21060,To,E,17,29,39.903,+0.102,-,23,15,42.42,+1.71,0.984160
1967 Dec. 17.71,39842.21127,Rh,E,17,38,31.304,+0.167,-,23,21,12.14,+0.68,0.983978
1967 Dec. 19.71,39844.21195,KI,E,17,47,23.367,+0.096,-,23,24,50.98,-1.41,0.983821
1967 Dec. 20.71,39845.21230,Du,E,17,51,49.719,+0.150,-,23,25,54.56,+1.14,0.983752
1967 Dec. 26.71,39851.21437,To,E,18,18,28.676,+0.150,-,23,22,40.12,-0.42,0.983453
1967 Dec. 27.71,39852.21472,Rh,E,18,22,55.019,+0.101,-,23,20,27.15,+0.95,0.983420
1967 Dec. 29.71,39854.21540,To,E,18,31,47.374,+0.080,-,23,14,39.89,+0.48,0.983367
1968 Jan. 11.71,39867.21947,To,E,0,19,28,,-,21,52,22.18,+0.04,0.983414
1968 Jan. 17.72,39873.22100,KI,E,19,54,47.292,+0.121,-,20,49,38.82,+0.71,0.983744
1968 Jan. 18.72,39874.22123,Cr,E,19,59,03.584,+0.129,-,20,37,45.61,+1.84,0.983821
1968 Jan. 19.72,39875.22145,To,E,20,3,19.135,+0.097,-,20,25,30.79,+1.25,0.983905
1968 Jan. 20.72,39876.22166,Rh,E,20,7,34.003,+0.108,-,20,12,52.66,+0.75,0.983993
1968 Jan. 22.72,39878.22206,KI,E,0,20,16,,-,19,46,26.60,+1.40,0.984188
1968 Feb. 5.72,39892.22382,Du,W,21,13,46.209,+0.098,-,16,3,01.07,+0.59,0.985986
1968 Feb. 6.72,39893.22388,Cr,W,21,17,47.452,+0.050,-,15,44,45.90,+0.79,0.986140
1968 Feb. 12.72,39899.22401,KI,W,21,41,38.209,+0.079,-,13,49,,,0.987167
1968 Feb. 14.72,39901.22398,KI,W,21,49,28.838,+0.085,-,13,9,,,0.987550
1968 Feb. 16.72,39903.22391,Du,W,21,57,16.482,+0.077,-,12,28,,,0.987952
1968 Feb. 19.72,39906.22376,Ga,W,22,8,52.651,+0.039,-,11,25,,,0.988592
1968 Feb. 23.72,39910.22345,To,,22,24,11.857,+0.125,-,9,59,,,0.989498
1968 Feb. 25.72,39912.22325,Rh,W,22,31,47.671,+0.065,-,9,14,,,0.989965
1968 Feb. 27.72,39914.22302,To,W,0,22,39,,-,8,30,04.83,+1.97,0.990441
1968 Mar. 4.72,39920.22220,Du,E,23,1,49.094,+0.075,-,6,12,57.76,+0.95,0.991904
1968 Mar. 5.72,39921.22204,KI,E,23,5,32.030,+0.054,-,5,49,46.48,+0.78,0.992153
1968 Mar. 7.72,39923.22171,Rh,E,23,12,56.667,+0.083,-,5,3,09.12,+1.74,0.992658
1968 Mar. 8.72,39924.22154,To,E,23,16,38.304,+0.020,-,4,39,45.24,+1.52,0.992913
1968 Mar. 11.72,39927.22100,KI,E,23,27,41.235,+0.062,-,3,29,14.80,+0.32,0.993695
1968 Mar. 14.72,39930.22043,Cr,E,23,38,41.284,+0.072,-,2,18,,,0.994502
1968 Mar. 15.72,39931.22023,KI,E,23,42,20.736,+0.036,-,1,54,40.49,+1.42,0.994778
1968 Mar. 20.71,39936.21921,Du,E,0,0,35.447,+0.057,+,0,3,50.71,+1.23,0.996195
1968 Mar. 29.71,39945.21733,Ga,W,,,,,+,3,35,53.18,+0.08,0.998798
1968 Mar. 30.71,39946.21712,Rh,W,0,0,36,,+,3,59,11.78,+0.26,0.999084
1968 Apr. 9.71,39956.21511,Cr,W,1,13,30.876,+0.090,+,7,47,,,1.001907
1968 Apr. 12.71,39959.21455,KI,W,1,24,32.331,+0.059,+,8,53,15.00,+0.50,1.002752
1968 Apr. 13.71,39960.21437,Rh,,0,1,28,,+,9,14,58.59,+0.21,1.003035
1968 Apr. 16.71,39963.21386,Ga,W,0,39,18.751,-0.004,+,10,19,15.09,+1.03,1.003887
1968 Apr. 17.71,39964.21370,Ga,W,1,43,01.358,+0.041,+,10,40,20.11,+0.57,1.004171
1968 Apr. 18.71,39965.21354,KI,W,1,46,44.374,+0.092,+,11,1,14.64,+0.06,1.004454
1968 Apr. 19.71,39966.21339,Cr,W,1,50,27.738,+0.072,+,11,22,00.11,+1.19,1.004736
1968 Apr. 23.71,39970.21284,Cr,W,2,5,25.726,+0.061,+,12,43,03.78,+1.74,1.005848
1968 Apr. 26.71,39973.21248,KI,W,2,16,44.234,+0.076,+,13,41,40.57,+0.91,1.006654
1968 May. 3.71,39980.21184,Du,E,2,43,25.232,-0.035,+,15,50,,,1.008422
1968 May. 6.71,39983.21166,Ga,E,,,,+0.001,+,16,41,,,1.009132
1968 May. 7.71,39984.21162,To,E,2,58,51.904,-0.027,+,16,58,,,1.009364
1968 May. 17.71,39994.21151,KI,E,3,38,07.885,+0.038,+,19,27,13.60,-0.12,1.011580
1968 May. 29.71,40006.21222,Du,W,4,26,28.659,+0.058,+,21,42,23.51,+0.48,1.013825
1968 Jun. 3.71,40011.21275,Du,W,4,46,57.167,+0.110,,,,,+0.47,1.014552
1968 Jun. 4.71,40012.21287,To,W,4,51,03.913,+0.095,+,22,30,01.43,+0.94,1.014683
1968 Jun. 5.71,40013.21299,Ga,W,4,55,10.919,+0.022,+,22,36,34.91,+0.24,1.014811
1968 Jun. 6.71,40014.21311,KI,=,0,4,59,,+,22,42,45.86,+0.72,1.014934
1968 Jun. 7.71,40015.21324,C.,W,5,3,26.044,+0.104,+,22,48,,,1.015055
1968 Jun. 14.71,40022.21421,Du,W,5,32,26.195,+0.110,+,23,17,39.27,-0.12,1.015811
1968 Jun. 15.71,40023.21436,Gv,W,5,36,35.426,+0.040,+,23,20,11.72,+0.40,1.015907
1968 Jun. 18.71,40026.21481,Rh,W,5,49,03.997,+0.070,+,23,25,18.78,-0.01,1.016167
1968 Jun. 19.71,40027.21496,Hа,W,5,53,13.640,+0.059,+,23,26,12.79,+1.04,1.016245
1968 Jun. 20.71,40028.21511,To,W,5,57,23.338,+0.079,+,23,26,40.48,+0.63,1.016317
1968 Jun. 21.71,40029.21526,Du,W,6,1,32.982,+0.044,+,23,26,43.66,+0.55,1.016384
1968 Jul. 1.71,40039.21671,Du,,0,6,43,,+,23,4,35.59,-0.26,1.016732
1968 Jul. 5.71,40043.21721,C.,,6,59,33.860,+0.098,,,,,-1.08,1.016716
1968 Jul. 7.71,40045.21744,Rh,E,7,7,46.667,+0.123,+,22,31,53.31,-0.08,1.016682
1968 Jul. 8.71,40046.21755,Ga,E,7,11,52.367,+0.023,+,22,25,03.59,-0.19,1.016660
1968 Jul. 9.71,40047.21765,Gy,,0,7,15,,+,22,17,50.69,-0.27,1.016634
,40049.21784,Du,E,7,24,07.287,+0.066,+,22,2,17.16,+0.45,1.016573
1171 Jul. 12.71,40050.21793,KI,E,7,28,11.302,+0.010,+,21,53,55.24,-0.30,1.016538
1968 Jul. 17.71,40055.21828,To,E,7,48,24.579,+0.018,+,21,6,36.69,+0.86,1.016304
1968 Jul. 19.71,40057.21838,To,E,7,56,26.537,+0.179,+,20,45,07.19,-0.86,1.016177
1968 Jul. 22.71,40060.21848,,E,0,8,08,,+,20,10,19.59,+0.50,1.015950
,40061.21850,To,E,8,12,23.459,+0.030,+,19,58,01.28,-0.58,1.015863
1968 Jul. 29.71,40067.21849,Cr,E,8,36,01.693,+0.224,+,18,37,,,1.015220
1968 Jul. 30.71,40068.21846,Gv,E,8,39,55.754,+0.096,+,18,22,56.87,+0.35,1.015093
1968 Jul. 1.71,40070.21838,To,E,8,47,42.179,+0.028,+,17,53,00.00,+0.07,1.014826
1968 Jul. 6.71,40075.21807,Rh,,9,6,57.580,+0.066,+,16,33,08.08,-1.08,1.014088
1968 Jul. 7.71,40076.21798,MB,E,9,10,46.796,+0.043,+,16,16,21.62,-0.53,1.013932
1968 Jul. 11.71,40080.21758,Rh,E,9,25,58.003,+0.149,+,15,6,40.11,-0.56,1.013279
1968 Jul. 12.71,40081.21746,To,E,,,,+0.013,+,14,48,38.67,+0.41,1.013109
1968 Jul. 13.71,40082.21734,MB,E,9,33,30.100,+0.036,+,14,30,21.67,+0.02,1.012937
1968 Jul. 15.71,40084.21707,Rh,E,9,41,00.246,+0.103,+,13,53,07.21,+0.33,1.012581
1968 Jul. 17.71,40086.21678,Rh,E,9,48,28.269,+0.069,+,13,14,59.66,+0.94,1.012211
1968 Jul. 20.71,40089.21631,To,E,9,59,36.675,+0.027,+,12,16,11.27,-0.79,1.011626
1968 Jul. 21.71,40090.21614,Ga,E,10,3,18.579,+0.052,+,11,56,12.02,-0.61,1.011423
1968 Jul. 22.71,40091.21596,KI,E,10,7,00.046,+0.091,+,11,36,00.74,-1.08,1.011215
1968 Jul. 23.71,40092.21578,MB,E,10,10,41.031,+0.092,+,11,15,39.04,-0.89,1.011002
1968 Jul. 29.71,40098.21460,Gv,W,10,32,38.240,+0.049,+,9,9,54.12,-1.46,1.009635
1968 Aug. 30.71,40099.21439,To,W,10,36,16.465,+0.051,+,8,48,26.12,+0.25,1.009393
1968 Sep. 3.71,40103.21351,Cr,W,10,50,46.152,+0.083,+,7,21,06.75,-0.49,1.008403
1968 Sep. 11.71,40111.21161,KI,W,11,19,34.062,+0.091,+,4,21,10.57,-0.41,1.006362
1968 Sep. 12.71,40112.21137,To,W,11,23,09.353,+0.026,,,,,+0.76,1.006102
1968 Sep. 13.71,40113.21112,Gu,W,11,26,44.653,+0.039,+,3,35,19.41,+0.14,1.005841
1968 Sep. 14.71,40114.21087,Rh,W,11,30,19.943,+0.101,+,3,12,,,1.005578
1968 Sep. 15.71,40115.21063,Rh,W,11,33,55.081,+0.039,+,2,49,10.48,-0.97,1.005314
1968 Sep. 18.70,40118.20989,To,E,11,44,40.715,+0.048,+,1,39,34.76,-0.64,1.004509
1968 Sep. 19.70,40119.20964,Gv,E,11,48,15.981,+0.051,+,1,16,17.41,-0.85,1.004237
1968 Sep. 20.70,40120.20940,Cr,E,11,51,51.310,+0.048,+,0,52,59.25,+0.05,1.003961
1968 Sep. 21.70,40121.20915,Rh,E,11,55,26.721,+0.045,+,0,29,38.16,-0.29,1.003684
1968 Sep. 22.70,40122.20891,Rn,E,,,,+0.069,+,0,6,16.26,-0.29,1.003404
1968 Sep. 23.70,40123.20867,To,E,12,2,37.820,+0.027,-,0,17,06.54,-0.26,1.003121
1968 Sep. 24.70,40124.20843,Gv,E,12,6,13.595,+0.045,-,0,40,30.01,-0.41,1.002836
1968 Sep. 25.70,40125.20819,Cr,E,12,9,49.522,+0.070,-,1,3,52.91,+0.16,1.002548
1968 Sep. 26.70,40126.20795,Rn,E,12,13,25.565,+0.038,-,1,27,17.48,-1.18,1.002259
1968 Sep. 27.70,40127.20772,To,E,12,17,01.867,+0.086,+,1,50,39.40,-0.50,1.001968
1968 Sep. 28.70,40128.20749,Rh,,12,20,38.313,+0.068,-,2,14,,,1.001677
1968 Sep. 30.70,40130.20703,KI,E,12,27,51.907,+0.060,-,3,0,39.89,-0.37,1.001090
1968 Oct. 1.70,40131.20681,To,E,12,31,29.126,+0.098,-,3,23,56.57,-0.47,1.000797
1968 Oct. 2.70,40132.20659,Gv,E,12,35,06.561,+0.076,-,3,47,11.17,-0.92,1.000505
1968 Oct. 4.70,40134.20616,Gv,E,12,42,22.443,+0.097,-,4,33,30.14,-0.06,0.999922
1968 Oct. 8.70,40138.20535,Du,E,12,56,58.582,+0.082,-,6,5,27.69,-1.02,0.998772
1968 Oct. 14.70,40144.20430,Ga,E,13,19,06.697,+0.115,-,8,20,54.34,-1.07,0.997086
1968 Oct. 20.70,40150.20348,Rh,E,13,41,35.028,+0.029,-,10,32,11.34,-0.34,0.995428
1968 Oct. 21.70,40151.20337,Cr,E,13,45,22.008,+0.041,-,10,53,33.75,-0.03,0.995152
1968 Nov. 1.70,40162.20269,Cr,W,0,14,27,,-,14,36,28.13,+0.68,0.992159
1968 Nov. 20.70,40181.20417,Du,W,15,44,48.593,+0.103,-,19,49,08.04,+0.53,0.987843
1968 Nov. 22.70,40183.20453,Du,W,15,53,13.004,+0.071,-,20,15,14.17,+1.16,0.987448
1968 Nov. 23.70,40184.20473,Rn,W,15,57,26.404,+0.074,-,20,27,44.58,+0.60,0.987253
1968 Nov. 25.70,40186.20514,Du,W,16,5,55.474,+0.101,-,20,51,36.04,+0.18,0.986873
1968 Nov. 26.70,40187.20536,KI,W,16,10,11.080,+0.100,-,21,2,55.89,+0.81,0.986689
1968 Nov. 29.70,40190.20607,To,W,16,23,02.038,+0.027,-,21,34,34.20,-0.24,0.986159
1968 Dec. 6.70,40197.20798,Ga,W,0,16,23.460,+0.096,-,22,33,,,0.985102
1968 Dec. 9.70,40200.20889,Rn,W,17,6,32.298,+0.140,-,22,52,37.63,-1.66,0.984732
1968 Dec. 10.70,40201.20921,Gv,W,17,10,56.153,+0.144,-,22,57,59.67,-0.60,0.984620
1968 Dec. 11.70,40202.20953,To,W,17,15,20.399,+0.129,-,23,2,52.97,+2.02,0.984514
1968 Dec. 12.70,40203.20985,Gv,W,17,19,44.990,+0.072,-,23,7,23.07,+0.41,0.984412
1968 Dec. 19.71,40210.21222,To,E,17,50,45.770,+0.090,-,23,25,43.92,-0.08,0.983820
1968 Dec. 24.71,40215.21395,Rh,E,18,12,58.763,+0.035,-,23,24,43.17,+1.04,0.983507
1969 Jan. 1.71,40223.21665,Rh,E,18,48,25.492,+0.116,-,22,58,44.33,-0.49,0.983253
1969 Jan. 2.71,40224.21698,To,E,0,18,52,,-,22,53,24.09,-0.13,0.983248
1969 Jan. 16.72,40238.22094,Gv,E,19,53,45.329,+0.101,-,20,52,,,0.983794
1969 Jan. 25.72,40247.22271,Rh,E,20,31,47.868,+0.082,-,18,52,47.68,+0.52,0.984592
1969 Jan. 26.72,40248.22287,Rh,E,20,35,57.488,+0.065,-,18,37,41.47,+0.76,0.984702
1969 Jan. 27.72,40249.22301,Cr,E,20,40,06.326,+0.083,-,18,22,14.43,+1.68,0.984816
1969 Feb. 10.72,40263.22400,To,E,21,36,43.697,+0.032,-,14,14,27.23,+1.38,0.986986
1969 Feb. 11.72,40264.22400,Gv,E,21,40,40.464,+0.039,-,13,54,45.17,+1.20,0.987178
1969 Feb. 12.72,40265.22399,Cr,E,21,44,36.474,+0.036,-,13,34,48.99,+1.26,0.987372
1969 Feb. 14.72,40267.22395,To,E,21,52,26.333,+0.090,-,12,54,17.96,+0.07,0.987770
1969 Feb. 15.72,40268.22392,Rh,E,21,56,20.105,+0.051,-,12,33,42.19,+0.68,0.987972
1969 Feb. 17.72,40270.22383,Ga,E,22,4,05.501,-0.008,-,11,51,54.90,+1.70,0.988383
1969 Feb. 24.721,40277.22328,Rh,W,22,30,53.153,+0.084,-,9,20,12.64,+0.17,0.989893
1969 Feb. 25.72,40278.22317,Rh,W,22,34,40.212,+0.036,+,8,57,55.71,+0.07,0.990121
1969 Mar. 3.72,40284.22238,KI,,22,57,11.139,+0.061,-,6,41,,,0.991555
1969 Mar. 4.72,40285.22222,Cr,W,23,0,54.521,+0.054,-,6,18,36.79,+1.53,0.991808
1969 Mar. 5.72,40286.22207,Ga,W,23,4,37.425,+0.020,-,5,55,29.13,+0.03,0.992064
1969 Mar. 12.72,40293.22085,Rh,W,23,30,27.553,+0.090,-,3,11,,,0.993943
1969 Mar. 13.72,40294.22066,Gv,,23,34,07.676,+0.022,,,,,+1.23,0.994220
1969 Mar. 14.72,40295.22047,KI,W,23,37,47.700,+0.102,-,2,24,,,0.994497
1969 Mar. 15.72,40296.22027,Rh,,23,41,27.352,+0.051,,,,,,0.994776
1969 Mar. 16.72,40297.22007,Rh,W,23,45,06.910,+0.132,-,1,36,44.80,+0.98,0.995054
1969 Mar. 17.71,40298.21987,Cr,W,23,48,46.129,+0.081,-,1,13,01.16,+1.22,0.995333
1969 Mar. 22.71,40303.21885,Rh,W,0,7,00.020,+0.033,,,,,+1.26,0.996723
1969 Mar. 23.71,40304.21864,Rh,W,0,10,38.466,+0.051,+,1,9,12.02,+0.76,0.997002
1969 Mar. 28.71,40309.21758,,W,0,28,49.842,+0.052,+,3,6,53.10,+0.73,0.998400
1969 Apr. 1.71,40313.21674,Cs,W,0,43,23.245,+0.103,+,4,39,56.70,+0.82,0.999535
1969 Apr. 3.71,40315.21633,Cr,W,,,,+0.009,+,5,25,59.45,+0.80,1.000111
1969 Apr. 6.71,40318.21572,Rh,W,1,1,37.510,+0.007,,,,,-0.16,1.000984
1969 Apr. 8.71,40320.21533,Gv,W,1,8,56.717,+0.052,+,7,19,20.74,-0.20,1.001569
1969 Apr. 9.71,40321.21514,Cr,W,1,12,36.720,+0.084,+,7,41,41.24,+0.36,1.001861
1969 May. 2.71,40344.21192,Cs,E,2,38,38.784,+0.046,+,15,28,18.13,-0.82,1.008062
1969 May. 3.71,40345.21185,Rh,E,2,42,28.876,+0.085,+,15,46,00.49,+0.56,1.008312
1969 May. 4.71,40346.21178,Rh,E,2,46,19.410,+0.001,+,16,3,25.45,+0.07,1.008561
1969 May. 5.71,40347.21172,Cs,E,2,50,10.600,-0.008,+,16,20,35.16,+0.21,1.008810
1969 May. 6.71,40348.21166,Gv,E,2,54,02.411,+0.032,+,16,37,27.43,-0.96,1.009056
1969 May. 7.71,40349.21161,Cr,E,2,57,54.796,+0.066,+,16,54,04.94,-0.51,1.009301
1969 May. 10.71,40352.21151,Gv,E,3,9,35.338,+0.033,+,17,42,14.71,+0.19,1.010018
1969 May. 12.71,40354.21147,Cs,E,3,17,25.392,+0.075,+,18,12,52.37,-0.17,1.010479
1969 May. 15.71,40357.21147,Cr,E,3,29,14.818,+0.083,+,18,56,31.53,+0.21,1.011140
1969 May. 16.71,40358.21148,Cs,E,3,33,12.403,+0.039,+,19,10,,,1.011352
1969 May. 17.71,40359.21150,Rh,E,3,37,10.612,+0.046,+,19,24,01.35,-0.18,1.011558
1969 May. 22.71,40364.21169,Cr,W,3,57,09.807,+0.104,+,20,26,55.95,-0.21,1.012524
1969 May. 26.71,40368.21195,Ga,W,4,13,18.185,+0.005,+,21,10,58.18,+0.28,1.013223
1969 May. 27.71,40369.21203,Cr,W,4,17,21.484,-0.001,+,21,21,04.17,+0.27,1.013390
1969 May. 28.71,40370.21211,Cs,W,0,4,21,,+,21,30,47.96,+0.27,1.013553
1969 May. 29.71,40371.21220,KI,W,4,25,29.484,+0.042,+,21,40,,,1.013712
1969 May. 30.71,40372.21229,Gv,W,4,29,34.119,+0.045,+,21,49,08.37,+0.30,1.013870
1969 May. 31.71,40373.21239,Rh,W,4,33,39.193,+0.058,+,21,57,44.52,+0.18,1.014026
1969 Jun. 1.71,40374.21249,Ga,W,0,37,44.636,+0.022,+,22,5,57.52,-0.21,1.014179
1969 Jun. 2.71,40375.21260,Ga,W,,,,,+,22,13,48.01,-0.09,1.014328
1969 Jun. 3.71,40376.21271,Cr,W,4,45,56.840,+0.072,+,22,21,15.11,-0.15,1.014476
1969 Jun. 4.71,40377.21283,Du,W,4,50,03.544,+0.141,+,22,28,19.44,+0.32,1.014620
1969 Jun. 5.71,40378.21295,Ga,W,4,54,10.475,+0.074,+,22,35,00.69,+1.30,1.014761
1969 Jun. 6.71,40379.21307,Ho,W,4,58,17.877,+0.138,+,22,41,16.48,+0.45,1.014898
1969 Jun. 7.71,40380.21320,Rh,W,5,2,25.465,+0.064,+,22,47,09.50,+0.72,1.015032
1969 Jun. 8.71,40381.21333,Rh,W,5,6,33.428,+0.065,+,22,52,37.49,-0.02,1.015160
1969 Jun. 12.71,40385.21389,Ga,W,5,23,07.923,+0.089,+,23,10,29.88,-0.36,1.015623
1969 Jun. 13.71,40386.21403,Gv,W,5,27,17.083,+0.102,+,23,13,56.95,-0.37,1.015725
1969 Jun. 20.71,40393.21509,Cr,E,5,56,24.073,+0.079,+,23,26,35.39,+0.47,1.016278
1969 Jun. 21.71,40394.21524,Gv,E,6,0,33.737,+0.075,+,23,26,43.47,-0.42,1.016336
1969 Jun. 23.71,40396.21554,Rh,E,6,8,52.843,+0.028,+,23,25,47.18,-0.22,1.016434
1969 Jun. 24.71,40397.21569,Gv,E,6,13,02.310,+0.057,+,23,24,41.63,-0.30,1.016478
1969 Jun. 26.71,40399.21598,Rv,E,0,6,21,,+,23,21,16.55,-0.34,1.016550
1969 Jun. 28.71,40401.21626,Rh,E,6,29,38.618,+0.045,+,23,16,13.67,+0.10,1.016608
1969 Jun. 29.71,40402.21640,Rh,E,6,33,47.226,+0.026,+,23,13,05.17,-0.06,1.016633
1969 Jun. 30.71,40403.21654,Rh,E,6,37,55.648,+0.049,+,23,9,32.02,-0.57,1.016654
1969 Jul. 1.71,40404.21667,Ho,E,6,42,03.847,+0.077,+,23,5,35.03,-0.60,1.016672
1969 Jul. 2.71,40405.21681,Du,E,6,46,11.760,+0.078,+,23,1,14.48,-0.02,1.016686
1969 Jul. 3.71,40406.21693,Cr,E,6,50,19.334,+0.022,,,,,-0.25,1.016697
1969 Jul. 4.71,40407.21706,Rh,E,6,54,26.718,+0.061,+,22,51,19.55,-0.59,1.016704
1969 Jul. 6.71,40409.21730,Rh,E,7,2,40.492,+0.074,+,22,39,49.76,-0.41,1.016704
1969 Jul. 14.71,40417.21807,Cr,E,7,35,20.270,+0.066,+,21,38,16.65,-1.15,1.016498
1969 Jul. 15.71,40418.21815,Rv,E,0,7,39,,+,21,28,53.59,-0.85,1.016446
1969 Jul. 17.71,40420.21828,Rh,E,7,47,27.463,+0.010,+,21,9,,,1.016324
1969 Aug. 6.71,40440.21809,Ga,W,0,6,02.120,+0.036,+,16,37,09.57,-0.92,1.014145
1969 Aug. 7.71,40441.21800,Cr,W,9,9,51.695,+0.107,+,16,20,,,1.013997
1969 Aug. 8.71,40442.21792,Cs,W,9,13,40.625,+0.099,+,16,3,25.85,-1.21,1.013846
1969 Aug. 10.71,40444.21772,Rh,W,0,9,21,,+,15,28,40.98,-0.50,1.013527
1969 Aug. 16.71,40450.21698,Ga,W,9,43,51.696,+0.018,+,13,38,36.65,-0.49,1.012448
1969 Aug. 20.71,40454.21636,Gv,W,9,58,44.445,+0.126,+,12,20,50.52,-0.68,1.011636
1969 Aug. 21.71,40455.21619,Rh,W,10,2,26.286,+0.052,+,12,0,54.28,-0.58,1.011424
1969 Aug. 23.71,40457.21584,Rh,W,10,9,48.685,+0.045,+,11,20,27.65,-1.13,1.010990
1969 Aug. 24.71,40458.21565,Rh,W,10,13,29.294,+0.132,+,10,59,58.34,-1.25,1.010770
1969 Aug. 25.71,40459.21546,KI,W,10,17,09.356,+0.097,+,10,39,19.86,-0.24,1.010548
1969 Aug. 26.71,40460.21527,Ho,W,10,20,49.033,+0.099,+,10,18,30.02,-0.53,1.010323
1969 Aug. 27.71,40461.21507,Cs,W,10,24,28.274,+0.067,+,9,57,30.86,-0.46,1.010097
1969 Aug. 31.71,40465.21423,Ho,W,10,39,01.880,+0.110,+,8,32,02.45,+0.10,1.009181
1969 Aug. 1.71,40466.21401,Cs,W,10,42,39.445,+0.063,+,8,10,18.68,+0.13,1.008947
1969 Sep. 7.71,40472.21264,Ho,W,11,4,20.024,+0.166,+,5,57,18.90,+0.02,1.007493
1969 Sep. 11.71,40476.21168,KI,E,11,18,43.100,+0.017,+,4,26,32.64,-1.64,1.006464
1969 Sep. 12.71,40477.21144,Cs,E,1,22,18.621,+0.049,,,,,-0.33,1.006199
1969 Sep. 14.71,40479.21095,Ho,E,11,29,29.355,+0.068,+,3,17,41.12,+0.13,1.005659
1969 Sep. 23.70,40488.20874,Rh,E,12,1,46.751,+0.069,+,0,11,33.75,+0.24,1.003126
1969 Sep. 26.70,40491.20801,Jo,E,12,12,33.957,+0.106,-,1,21,,,1.002274
1969 Sep. 27.70,40492.20778,Rh,E,12,16,10.005,+0.074,-,1,45,02.11,-0.14,1.001991
1969 Sep. 28.70,40493.20754,Ho,E,0,12,19,,-,2,8,23.81,-0.77,1.001708
1969 Sep. 29.70,40494.20731,KI,E,12,23,22.843,+0.050,-,2,31,43.90,-0.84,1.001427
1969 Sep. 30.70,40495.20709,Rh,E,12,26,59.687,+0.076,,,,,-0.59,1.001146
1969 Oct. 4.70,40499.20621,Rh,E,12,41,30.140,+0.141,-,4,27,57.33,-0.89,1.000023
1969 Oct. 6.70,40501.20580,Rn,E,12,48,47.432,+0.101,,,,,-0.05,0.999458
1969 Oct. 10.70,40505.20503,Cs,E,13,3,27.108,+0.099,+,6,45,36.87,+0.18,0.998323
1969 Oct. 11.70,40506.20485,Rh,E,13,7,08.241,+0.157,-,7,8,17.06,+0.12,0.998037
1969 Oct. 12.70,40507.20468,Rh,E,13,10,49.769,+0.119,-,7,30,51.52,-0.05,0.997750
1969 Oct. 18.70,40513.20377,Rh,W,13,33,10.371,+0.106,,,,,-0.05,0.996020
1969 Oct. 19.70,40514.20364,Ho,W,13,36,55.799,+0.103,-,10,5,34.90,-0.28,0995734
1969 Oct. 20.70,40515.20352,KI,W,13,40,41.872,+0.129,-,10,27,08.10,-0.12,0.995449
1969 Oct. 21.70,40516.20341,Ho,W,13,4,4,,-,10,48,31.05,+0.88,0.995166
1969 Oct. 23.70,40518.20320,Cr,W,13,52,03.763,+0.030,-,11,30,,,0.994609
1969 Oct. 24.70,40519.20311,Cs,,0,13,55,,-,11,51,43.25,+0.59,0.994334
1969 Oct. 27.70,40522.20289,Du,W,14,7,22.919,+0.131,-,12,53,19.76,-141,0.993528
1969 Oct. 30.70,40525.20274,Ho,W,0,14,18,,-,13,53,04.93,+0.58,0.992749
1969 Nov. 15.70,40541.20342,Rh,E,15,23,04.085,+0.091,,,,,+014,1988920
1969 Nov. 16.70,40542.20355,Ho,E,15,27,11.468,+0.083,-,18,49,,,0.988698
1969 Nov. 17.70,40543.20368,Cr,E,15,31,19.709,+0.122,,,,,+1.12,0988479
1969 Nov. 18.70,40544.20383,Ho,E,15,35,28.744,+0.133,-,19,18,13.85,+0.57,0.988264
1969 Nov. 21.70,40547.20432,Cs,E,0,15,48,,-,19,59,16.40,-1.44,0.987644
1969 Nov. 22.70,40548.20450,Rh,E,15,52,12.918,+0.171,-,20,12,11.08,+0.66,0.987447
1969 Nov. 23.70,40549.20469,Ho,E,15,56,25.949,+0.184,-,20,24,47.37,-1.07,0987256
1969 Nov. 24.70,40550.20489,Cr,E,16,0,39.695,+0.129,-,20,36,59.45,-1.09,0.987068
1969 Nov. 25.70,40551.20509,So,E,0,16,04,,-,20,48,47.63,-0.17,0.986886
1969 Nov. 26.70,40552.20531,Cs,E,0,16,09,,-,21,0,14.32,-1.02,0.986710
1969 Nov. 27.70,40553.20554,Ho,E,0,16,13,,-,21,11,15.53,+0.10,0.986539
1969 Nov. 28.70,40554.20577,Cr,E,16,17,42.453,+0.122,-,21,21,53.83,+0.26,0.986372
1969 Nov. 29.70,40555.20601,Ho,E,16,21,59.964,+0.118,-,21,32,07.15,+1.17,0.986211
1969 Nov. 30.70,40556.20626,Ho,E,0,16,26,,-,21,41,58.24,-0.21,0.986054
1969 Dec. 4.70,40560.20734,Cs,E,0,16,43,,-,22,17,05.96,-0.05,0.985470
1969 Dec. 5.70,40561.20762,Ho,E,16,47,58.933,+0.066,-,22,24,48.87,-0.21,0.985334
1969 Dec. 13.71,40569.21012,Rh,W,0,17,23,,-,23,10,28.66,+0.86,0.984364
1969 Dec. 17.71,40573.21146,Cs,W,17,40,50.277,+0.126,-,23,22,18.86,+1.31,0.983969
1969 Dec. 18.71,40574.21180,Ho,W,17,45,16.291,+0.033,-,23,24,,,0.983883
1969 Dec. 20.71,40576.21249,Ho,W,17,54,08.976,+0.139,-,23,26,17.83,+0.56,0.983727
1969 Dec. 24.71,40580.21387,Ho,W,0,18,11,,-,23,25,00.42,+0.87,0.983491
1970 Jan. 2.71,40589.21690,Cs,W,0,18,51,,-,22,54,43.65,+0.02,0.983310
1970 Jan. 5.71,40592.21785,Cs,W,19,4,58.600,+0.089,,,,,+1.11,0.983340
1970 Jan. 30.72,40617.22334,Jo,E,0,20,51,,-,17,38,01.17,+0.57,0.985204
1970 Feb. 4.72,40622.22378,Ho,E,0,21,48.887,+0.076,-,16,11,45.14,+1.22,0.985961
1970 Feb. 7.72,40625.22393,Ho,E,21,23,51.782,+0.102,-,15,16,35.09,+0.75,0.986451
1970 Feb. 12.72,40630.22400,Ho,W,21,43,40.494,+0.145,,,,,+0.41,0987324
1970 Feb. 18.72,40636.22379,Du,W,22,7,01.439,+0.051,-,11,35,50.56,+1.61,0.988494
1970 Feb. 19.72,40637.22373,Ho,W,22,10,52.443,+0.072,,,,,+0.36,0.988705
1970 Feb. 22.72,40640.22349,Ho,W,22,22,21.425,+0.103,+,10,9,,,0.989362
1970 Feb. 23.72,40641.22339,Ho,W,22,26,09.669,-0.030,-,9,47,43.67,+0.85,0.989591
1970 Feb. 26.72,40644.22307,Cr,W,22,37,31.359,+0.062,+,8,41,,,0.990300
1970 Feb. 27.72,40645.22295,Cs,W,0,22,41,,-,8,18,29.54,+1.21,0.990544
1970 Feb. 28.72,40646.22282,Ho,W,22,45,03.009,+0.068,-,7,55,52.42,+0.39,0.990791
1970 Mar. 1.72,40647.22269,Ho,W,22,48,48.138,+0.135,-,7,33,,,0.991040
1970 Mar. 2.72,40648.22255,Ho,W,0,22,52,,,,,,+1.13,0.991293
1970 Mar. 8.72,40654.22161,Ho,W,23,14,50.751,+0.126,-,4,51,09.09,+0.42,0.992836
1970 Mar. 11.72,40657.22108,Du,E,23,25,54.391,+0.061,-,3,40,39.83,+0.21,0.993618
1970 Mar. 14.72,40660.22052,Ho,E,0,23,36,,-,2,29,47.28,.43,0.994409
1970 Mar. 16.72,40662.22012,Du,E,23,44,14.280,+0.037,-,1,42,23.78,+1.53,0.994944
1970 Mar. 17.71,40663.21992,Ho,,0,23,47,,,,,,+0.96,0.995214
1970 Mar. 27.71,40673.21784,Ho,E,0,24,18.161,+0.059,,,,,+1.15,0.998031
1970 Mar. 28.71,40674.21763,Ho,E,0,27,56.398,+0.063,+,3,1,09.25,+2.05,0.998323
1970 Apr. 3.71,40680.21638,Jo,E,0,49,47.462,+0.024,+,5,20,,,1.000081
1970 Apr. 5.71,40682.21597,Ho,E,0,57,05.614,+0.064,,,,,+1.02,1.000660
1970 Apr. 8.71,40685.21538,Cn,E,1,8,04.225,+0.057,,,,,,1.001515
1970 Apr. 11.71,40688.21482,Ho,W,1,19,04.955,+0.076,,,,,+1.20,1.002355
1970 Apr. 18.71,40695.21362,Ho,W,1,44,56.963,+0.063,+,10,51,,,1.004280
1970 Apr. 21.71,40698.21317,Rh,W,1,56,07.652,+0.111,+,11,53,06.58,+0.77,1.005098
1970 Apr. 30.71,40707.21211,Hd,W,0,2,30,,+,14,47,44.23,+0.27,1.007518
1970 Apr. 1.71,40708.21202,Hd,W,0,2,33,,+,15,5,59.82,-0.01,1.007777
1970 Apr. 2.71,40709.21194,Ho,W,2,37,43.404,+0.102,+,15,24,00.66,-0.15,1.008034
1970 Apr. 5.71,40712.21174,Hd,W,2,49,15.328,+0.050,+,16,16,31.79,+0.93,1.008780
1970 May. 9.71,40716.21156,Rh,E,0,4,45.871,+0.071,+,17,22,42.15,-0.15,1.009720
1970 May. 11.71,40718.21150,Cn,E,0,3,12,,+,17,54,04.49,+0.17,1.010168
1970 May. 12.71,40719.21149,Du,E,3,16,29.564,-0.019,+,18,9,18.52,+0.21,1.010386
1970 May. 14.71,40721.21147,Hd,E,0,3,24,,+,18,38,51.30,+0.41,1.010813
1970 May. 18.71,40725.21152,Hd,E,0,3,40,,+,19,34,05.97,-0.75,1.011635
1970 May. 19.71,40726.21155,Rh,E,3,44,11.190,+0.092,+,19,47,05.87,-0.57,1.011835
1970 May. 20.71,40727.21159,Cr,E,3,48,10.711,+0.060,+,19,59,,,1.012032
1970 May. 22.71,40729.21168,Du,E,3,56,11.430,+0.039,+,20,24,03.12,-0.41,1.012421
1970 May. 23.71,40730.21173,Ho,E,4,0,12.558,-0.012,+,20,35,41.09,-0.03,1.012611
1970 May. 24.71,40731.21179,Rh,E,4,4,14.350,+0.083,+,20,46,57.75,+0.08,1.012800
1970 May. 29.71,40736.21217,Ho,E,4,24,30.453,+0.064,+,21,37,,,1.013696
1970 May. 30.71,40737.21227,Rn,E,4,28,35.116,+0.055,+,21,47,00.64,+0.41,1.013862
1970 May. 31.71,40738.21237,Ho,E,4,32,40.203,+0.022,+,21,55,42.83,040,1.014024
1970 Jun. 3.71,40741.21269,Rn,E,4,44,58.095,+0.028,+,22,19,30.41,0.59,1.014479
1970 Jun. 10.71,40748.21359,Du,W,5,13,51.645,+0.071,+,23,1,17.91,+0.42,1.015350
1970 Jun. 11.71,40749.21373,Ho,W,5,18,00.318,+0.094,+,23,5,38.82,-0.22,1.015455
1970 Jun. 12.71,40750.21387,Cn,W,5,22,09.165,+0.113,+,23,9,36.13,-0.03,1.015554
1970 Jun. 13.71,40751.21401,Rh,W,5,26,18.143,+0.091,+,23,13,09.22,+0.41,1.015650
1970 Jun. 14.71,40752.21416,Ho,W,5,30,27.323,+0.138,+,23,16,17.53,10.66,1.015741
1970 Jun. 17.71,40755.21460,Cr,W,5,42,55.381,+0.135,+,23,23,14.10,+0.91,1.015992
1970 Jun. 18.71,40756.21475,Du,W,5,47,04.778,+0.035,+,23,24,42.75,+0.21,1.016069
1970 Jun. 20.71,40758.21505,Ho,W,5,55,23.885,+0.037,+,23,26,27.50,+0.36,1.016213
1970 Jun. 23.71,40761.21550,Hd,W,,,,,+,23,25,58.03,-037,1016405
1970 Jun. 24.71,40762.21565,Rv,W,0,6,12,,+,23,24,59.39,40.14,1.016462
1970 Jun. 25.71,40763.21579,,,6,16,11.376,,,,,,+020,
1970 Jun. 27.71,40765.21609,Ho,W,0,24,29.785,40.114,,,,,,1016606
1970 Jun. 28.71,40766.21623,Ho,W,6,28,38.792,+0.122,,,,,-0.59,1.016643
1970 Jul. 2.71,40770.21678,Cr,W,6,45,12.743,+0.058,,,,,-019,
1970 Jul. 3.71,40771.21691,Jo,W,6,49,20.625,+0 064,,,,,0.37,
1970 Jul. 4.71,40772.21704,Ho,W,,,,,,,,,,
1970 Jul. 15.71,40783.21814,Ho,E,7,38,25.416,+0.073,+,21,31,,,1.016411
1970 Jul. 16.71,40784.21820,Du,E,7,42,27.865,+0.145,+,21,21,,,1016353
1970 Jul. 17.71,40785.21827,Cn,E,7,46,29.637,+0.067,+,21,11,,,1.016292
1970 Jul. 18.71,40786.21832,Rh,E,7,50,31.023,+0.129,+,21,1,,,
1970 Jul. 19.71,40787.21837,Rh,E,7,54,31.771,+0.099,+,20,50,,,1.016160
1970 Jul. 25.71,40793.21853,Rh,E,8,18,24.741,+0.053,+,19,38,41.01,-0.49,1.015684
1970 Jul. 27.71,40795.21853,Du,E,8,26,17.847,+0.004,+,19,12,07.48,-1.02,1.015491
1970 Jul. 28.71,40796.21852,Go,E,8,30,13.541,-0.007,+,18,58,22.94,-0.20,1.015387
1970 Jul. 30.71,40798.21848,Hd,E,0,38,03.190,+0.0,,,,,,
1970 Aug. 1.71,40800.21841,Rh,E,,,,,+,18,0,15.90,-0.51,1.014918
1970 Aug. 2.71,40801.21836,Go,E,8,49,43.111,+0.002,+,17,44,,,1.014789
1970 Aug. 5.71,40804.21819,Ga,W,0,1,17.575,0040,+,16,57,,,1014362
1970 Aug. 11.71,40810.21765,Hd,W,9,24,10.045,+0.062,,,,,-100,1013379
1970 Aug. 12.71,40811.21753,Cn,W,9,27,56.808,+0.149,,,,,,1013202
1970 Aug. 13.71,40812.21741,Ku,,0,9,31,,+,14,39,01,,
1970 Aug. 14.71,40813.21729,Jo,W,9,35,28.403,+0.120,+,14,20,37.77,-0.93,1012837
1970 Aug. 16.71,40815.21701,Go,W,,,,+0.115,,,,,,1.012462
1970 Aug. 18.71,40817.21671,Rv,W,0,9,50,,,,,,-1.28,10079
1970 Aug. 20.71,40819.21639,Jo,W,9,57,50.392,+0.071,+,12,25,39.25,-1.16,1.011687
1970 Aug. 21.71,40820.21623,Ки,W,10,1,32.334,+0.044,,,,,-134,1011488
1970 Aug. 22.71,40821.21605,Rh,W,10,5,13.965,0.151,+,11,45,42.49,,10187
1970 Aug. 25.71,40824.21550,Ga,W,10,16,15.920,+0.059,,,,,0.41,1.010642
1970 Aug. 29.71,40828.21471,Go,E,0,10,30,,,,,,44,1.009778
1970 Aug. 31.71,40830.21428,Cn,E,10,38,09.795,+0.107,,,,,-0.33,1.009313
1970 Sep. 1.71,40831.21407,Ga,E,10,41,47.496,+0.018,+,8,15,27.58,-1.54,1009074
1970 Sep. 5.71,40835.21317,Go,E,10,56,15.900,+0.131,+,6,47,21.85,-0.54,1.008081
1970 Sep. 6.71,40836.21294,Ku,E,10,59,52.251,+0.036,+,6,25,02.66,0.68,1.007824
1970 Sep. 8.71,40838.21246,Hd,E,11,7,04.520,+0.074,,,,,-0.92,1.007302
1970 Sep. 9.71,40839.21223,Ga,E,11,10,40.352,+0.082,+,5,17,29.68,-0.77,1.007037
1970 Sep. 11.71,40841.21174,Ho,E,11,17,51.487,+0.048,+,4,32,00.99,0.84,1.006503
1970 Sep. 12.71,40842.21150,Go,E,11,21,26.877,+0.066,,,,,-1.45,1.006235
1970 Sep. 13.71,40843.21125,Ku,E,11,25,02.085,+0.010,,,,,0.04,1.005065
1970 Sep. 15.71,40845.21076,Go,E,,,,+0.072,,,,,,1.005825
1970 Sep. 16.71,40846.21051,Hd,,,,,40.047,,,,,,
1970 Sep. 19.70,40849.20977,Rh,E,,,,+0.066,,,,,-0.76,1004344
1970 Sep. 20.70,40850.20952,Go,E,11,50,07.975,+0.083,+,1,4,10.75,-0.03,
1970 Sep. 21.70,40851.20927,Du,E,0,53,43.192,+0.032,+,0,40,51.87,40.29,1.003800
1970 Sep. 22.70,40852.20903,Rh,E,0,57,18.651,+0.116,+,0,17,29.87,-1.03,1.003527
1970 Sep. 24.70,40854.20854,Cn,E,12,4,29.730,+0.073,,,,,-0.72,1.002977
1970 Sep. 25.70,40855.20830,Hd,E,12,8,05.501,+0.055,-,0,52,37.42,-0.66,1.002699
1970 Sep. 26.70,40856.20807,Ku,E,12,11,41.496,+0.077,-,1,16,00.13,-0.14,1.002421
1970 Sep. 29.70,40859.20737,Hd,E,12,22,30.606,+0.027,-,2,26,08.73,-2.16,1.001574
1970 Oct. 1.70,40861.20692,Ga,E,0,12,29,,-,3,12,44.72,+0.07,1.001000
1970 Oct. 2.70,40862.20670,,E,12,33,22.036,+0.028,-,3,36,00.19,0.70,
1970 Oct. 3.70,40863.20648,Rh,E,12,36,59.800,+0.063,-,3,59,15.32,0.77,1000420
1970 Oct. 4.70,40864.20627,Go,E,12,40,37.839,0.040,-,4,22,26.00,0.61,1.000128
1970 Oct. 5.70,40865.20606,Du,E,12,44,16.219,+0.017,-,4,45,32.38,+0.56,0.999835
1970 Oct. 6.70,40866.20585,,,12,47,55.062,0103,,,,,,000
1970 Oct. 9.70,40869.20526,Go,E,12,58,53.659,+0.105,-,6,17,22.51,+0.66,0.998658
1970 Oct. 12.70,40872.20472,Hd,E,13,9,56.054,+0.042,-,7,25,22.93,+0.51,0.997784
1970 Oct. 13.70,40873.20455,Ga,E,13,13,37.870,+0.075,-,7,47,51.81,-0.02,0.997496
1970 Oct. 17.70,40877.20393,Ku,,13,28,30.424,+0.080,-,9,16,,,0.996365
1970 Oct. 18.70,40878.20379,Ku,E,,,,+0.086,-,9,38,,,06080
1970 Oct. 19.70,40879.20366,Du,E,13,36,00.271,+0.082,,,,,0.41,0.905813
1970 Oct. 24.70,40884.20312,Go,E,0,13,54,,-,11,46,39.00,-1.59,0.994460
1970 Oct. 25.70,40885.20304,Go,E,13,58,45.799,+0.100,,,,,0.70,0.994194
1970 Oct. 26.70,40886.20296,Ga,E,14,2,35.808,+0.037,-,12,28,00.83,-1.61,0.993928
1970 Nov. 8.70,40899.20281,Go,W,14,53,37.539,+0.030,-,16,35,41.82,-1.95,0.990562
1970 Nov. 16.70,40907.20350,Cn,W,15,26,10.572,+0.151,-,18,45,26.34,+0.23,0.988727
1970 Nov. 21.70,40912.20426,Rh,W,15,46,58.757,+0.129,,,,,+0.47,0.987721
1970 Nov. 22.70,40913.20444,Ku,W,15,51,10.803,+0.038,-,20,9,02.40,+0.11,0.987530
1970 Dec. 2.70,40923.20672,Hd,W,16,33,54.328,+0.115,-,21,58,14.63,-0.45,0.985795
1970 Dec. 4.70,40925.20727,Du,W,16,42,35.106,+0.135,-,22,15,10.27,-0.94,0.985483
1970 Dec. 5.70,40926.20756,Go,W,16,46,56.187,-0.003,-,22,22,55.88,+2.21,0.985334
1970 Dec. 9.70,40930.20875,Ku,W,17,4,26.174,+0.073,-,22,49,,,0.984783
1970 Dec. 10.70,40931.20907,Hd,W,17,8,49.781,+0.060,-,22,55,25.17,-0.17,0.984659
1970 Dec. 14.71,40935.21036,Du,,17,26,28.145,+0.164,-,23,13,,,0.984222
1970 Dec. 15.71,40936.21069,Go,W,17,30,53.415,+0.064,-,23,16,33.79,+0.33,0.984128
1970 Dec. 18.71,40939.21171,Du,W,17,44,11.056,+0.124,-,23,23,41.57,+0.98,0.983881
1970 Dec. 26.71,40947.21447,Rh,E,18,19,43.072,+0.145,-,23,22,03.75,-0.18,0.983445
1970 Dec. 27.71,40948.21482,Rh,E,18,24,09.445,+0.110,-,23,19,43.73,+0.16,0.983410
1970 Dec. 28.71,40949.21516,Du,E,18,28,35.669,+0.080,-,23,16,54.66,+1.37,0.983378
1970 Dec. 29.71,40950.21550,Ga,E,18,33,01.776,+0.127,-,23,13,40.34,-0.21,0.983350
1970 Dec. 30.71,40951.21584,Rh,E,18,37,27.587,+0.096,-,23,9,55.37,+0.90,0.983325
1971 Jan. 7.71,40959.21840,Cn,E,19,12,41.883,+0.153,-,22,23,34.75,+0.90,0.983289
1971 Jan. 8.71,40960.21869,Ga,E,19,17,04.087,+0.066,-,22,15,46.57,+0.53,0.983309
1971 Jan. 12.71,40964.21982,Du,E,19,34,27.807,+0.114,-,21,40,13.47,+0.11,0.983452
1971 Jan. 16.72,40968.22083,Ku,E,19,51,41.754,+0.128,-,20,57,58.25,-0.98,0.983695
1971 Jan. 18.72,40970.22129,Ku,E,20,0,14.660,+0.050,-,20,34,22.89,+0.67,0.983851
1971 Jan. 19.72,40971.22151,Ga,E,20,4,30.101,+0.049,-,20,22,02.50,-1.11,0.983936
1971 Jan. 20.72,40972.22172,Du,E,20,8,44.895,+0.118,-,20,9,,,0.984028
1971 Jan. 23.72,40975.22230,Go,E,20,21,24.594,+0.059,-,19,28,44.58,+0.15,0.984326
1971 Feb. 27.72,41010.22300,Rh,W,22,40,24.634,+0.068,-,8,23,44.64,+0.59,0.990485
1971 Feb. 28.72,41011.22287,Go,W,22,44,10.349,+0.009,-,8,1,06.69,+1.56,0.990720
1971 Mar. 1.72,41012.22274,Jo,W,22,47,55.647,+0.064,-,7,38,23.12,+1.24,0.990959
1971 Mar. 5.72,41016.22216,Ku,W,23,2,51.516,+0.067,-,6,6,26.74,+1.54,0.991930
1971 Mar. 6.72,41017.22200,Rh,W,0,23,06,,-,5,43,14.73,+1.38,0.992179
1971 Mar. 7.72,41018.22184,Rh,W,23,10,16.670,+0.086,-,5,19,57.55,+1.80,0.992432
1971 Mar. 9.72,41020.22149,Go,W,23,17,40.189,+0.115,-,4,33,12.71,+1.09,0.992946
1971 Mar. 10.72,41021.22132,,W,23,21,21.311,+0.051,-,4,9,46.37,-0.64,0.993208
1971 Mar. 12.72,41023.22095,Jo,W,23,28,42.633,+0.027,-,3,22,39.83,+0.95,0.993741
1971 Mar. 13.72,41024.22076,Rh,W,23,32,22.950,+0.118,,,,,+1.11,0.994012
1971 Mar. 16.72,41027.22018,Cn,W,23,43,22.033,+0.093,+,1,48,05.05,+0.04,0.994841
1971 Mar. 17.71,41028.21998,Go,W,23,47,01.228,+0.018,-,1,24,21.61,+1.17,0.995122
1971 Mar. 18.71,41029.21978,Ga,W,23,50,40.373,+0.071,-,1,0,37.48,+2.40,0.995405
1971 Mar. 21.71,41032.21916,Rh,W,0,1,36.738,+0.037,+,0,10,30.21,+1.28,0.996264
1971 Mar. 25.71,41036.21833,Jo,E,0,16,10.755,+0.165,+,1,45,08.59,+1.55,0.997415
1971 Mar. 27.71,41038.21791,Rh,E,0,23,27.344,+0.050,+,2,32,13.59,+0.27,0.997987
1971 Mar. 28.71,41039.21770,Rh,E,0,27,05.707,+0.064,+,2,55,42.15,+0.17,0.998271
1971 Mar. 30.71,41041.21728,Hd,E,,,,,+,3,42,28.20,-0.03,0.998836
1971 Mar. 31.71,41042.21707,Cn,E,0,38,00.987,+0.081,+,4,5,46.21,+1.09,0.999118
1971 Mar. 3.71,41045.21645,Rh,E,,,,,+,5,15,07.42,+0.82,0.999962
1971 Mar. 4.71,41046.21625,Rh,E,0,52,35.691,+0.041,+,5,38,03.94,+1.06,1.000244
1971 Mar. 5.71,41047.21604,,E,0,56,14.734,+0.083,,,,,-0.21,1.000526
1971 Mar. 7.71,41049.21564,Du,E,1,3,33.130,-0.029,+,6,46,14.08,-0.16,1.001091
1971 Apr. 8.71,41050.21545,Cn,E,1,7,12.783,+0.064,+,7,8,45.70,+1.25,1.001375
1971 Apr. 9.71,41051.21525,Ku,E,0,10,52.530,+0.020,+,7,31,08.56,+1.17,1.001659
1971 Apr. 10.71,41052.21506,Rh,E,0,14,32.604,+0.069,+,7,53,23.22,+0.45,1.001944
1971 Apr. 11.71,41053.21488,Rh,E,1,18,12.887,+0.048,+,8,15,30.20,-0.04,1.002229
1971 Apr. 12.71,41054.21469,Go,E,1,21,53.441,+0.007,+,8,37,30.31,+0.90,1.002515
1971 Apr. 13.71,41055.21451,Ku,E,1,25,34.372,+0.031,+,8,59,20.58,+0.52,1.002801
1971 Apr. 14.71,41056.21433,Ga,E,1,29,15.592,+0.015,+,9,21,02.73,+0.90,1.003088
1971 Apr. 15.71,41057.21416,Hd,E,1,32,57.205,+0.050,+,9,42,36.07,+1.60,1.003374
1971 Apr. 17.71,41059.21383,RH,E,1,40,21.496,+0.055,+,10,25,11.92,+1.10,1.003945
1971 Apr. 18.71,41060.21367,Rn,E,1,44,04.188,+0.019,+,10,46,14.52,+0.62,1.004230
1971 Apr. 19.71,41061.21351,Go,E,1,47,47.316,+0.011,+,11,7,08.44,+2.03,1.004514
1971 Apr. 20.71,41062.21336,Cn,E,1,51,30.896,+0.020,+,11,27,49.03,+0.95,1.004795
1971 Apr. 21.71,41063.21322,Go,E,1,55,14.909,+0.031,+,11,48,18.86,+0.34,1.005074
1971 Apr. 23.71,41065.21295,Jo,E,2,2,44.336,+0.085,+,12,28,44.71,+0.46,1.005625
1971 Apr. 24.71,41066.21282,Rh,E,2,6,29.734,+0.098,+,12,48,38.46,-0.36,1.005895
1971 Apr. 25.71,41067.21269,Rh,E,2,10,15.546,+0.046,+,13,8,21.42,+0.66,1.006163
1971 Apr. 30.71,41072.21216,Cn,W,2,29,12.296,+0.110,+,14,43,29.11,+0.16,1.007449
1971 Apr. 1.71,41073.21207,Rh,W,2,33,01.126,+0.090,+,15,1,47.90,+0.07,1.007698
1971 Apr. 3.71,41075.21191,Hd,W,2,40,40.341,+0.060,+,15,37,41.00,+0.59,1.008188
1971 May. 4.71,41076.21184,Ku,W,2,44,30.725,+0.027,+,15,55,15.29,+1.83,1.008430
1971 May. 5.71,41077.21178,Hd,W,2,48,21.712,+0.054,+,16,12,32.41,+1.76,1.008670
1971 May. 10.71,41082.21155,Du,W,3,7,44.795,+0.032,+,17,34,48.76,+0.72,1.009843
,41083.21152,Cn,W,3,11,39.166,+0.074,+,17,50,24.41,+0.57,1.010074
1171 May. 14.71,41086.21149,Jo,W,3,23,25.718,+0.142,+,18,35,,,1.010753
1171 May. 17.71,41089.21151,Ga,W,3,35,17.360,+0.032,+,19,17,35.13,+1.25,1.011411
1171 May. 18.71,41090.21153,Go,W,3,39,15.836,+0.097,+,19,30,58.43,-0.36,1.011625
1971 May. 19.71,41091.21156,Jo,W,3,43,14.811,+0.082,+,19,44,04.08,+0.27,1.011834
1971 May. 20.71,41092.21159,Cп,W,3,47,14.375,+0.079,+,19,56,48.90,+0.22,1.012040
1971 May. 31.71,41103.21237,Rh,E,4,31,43.808,+0.118,+,21,53,41.48,-0.22,1.013979
1971 Jun. 1.71,41104.21247,Hd,E,,,,+0.009,+,22,2,04.59,-1.40,1.014127
1971 Jun. 4.71,41107.21280,Jo,E,4,48,07.434,+0.014,,,,,+0.73,1.014549
1971 Jun. 5.71,41108.21292,Rh,E,4,52,14.335,+0.102,+,22,31,52.22,+1.27,1.014683
1971 Jun. 7.71,41110.21317,Ku,,5,0,28.818,-0.002,+,22,44,22.44,+0.27,1.014941
1971 Jun. 8.71,41111.21330,Ga,E,0,5,04,,+,22,50,01.14,-0.79,1.015065
1971 Jun. 9.71,41112.21343,Cn,E,5,8,44.592,+0.032,+,22,55,17.97,+0.23,1.015187
1971 Jun. 10.71,41113.21357,Hd,E,5,12,52.841,+0.025,+,23,0,08.93,-0.50,1.015305
1971 Jun. 11.71,41114.21370,Go,E,5,17,01.466,+0.153,+,23,4,37.11,+0.22,1.015420
1971 Jun. 14.71,41117.21413,Du,E,5,29,27.997,-0.042,+,23,15,32.24,-0.68,1.015746
1971 Jun. 17.71,41120.21458,Hd,E,5,41,56.183,-0.022,+,23,22,47.37,-0.10,1.016034
1971 Jun. 18.71,41121.21473,Jo,E,5,46,05.875,+0.059,+,23,24,23.56,+0.80,1.016120
1971 Jun. 20.71,41123.21503,Rh,E,5,54,25.321,+0.090,+,23,26,18.80,-0.06,1.016277
1971 Jun. 25.71,41128.21579,Cr,E,6,15,13.458,-0.024,+,23,23,54.68,+0.09,1.016561
1971 Jun. 27.71,41130.21608,Rh,E,6,23,32.140,+0.093,+,23,20,03.63,+0.06,1.016633
1971 Jul. 3.71,41136.21690,Ho,E,6,48,22.705,+0.018,+,22,58,43.28,+0.32,1.016728
1971 Jul. 4.71,41137.21703,Ho,E,6,52,30.235,+0.075,+,22,53,45.06,+0.20,1.016727
1971 Jul. 6.71,41139.21727,Cr,E,7,0,44.185,+0.080,+,22,42,37.19,-0.03,1.016716
1971 Jul. 7.71,41140.21738,Cn,E,7,4,50.518,-0.020,,,,,,1.016705
1971 Jul. 10.71,41143.21770,Ho,E,7,17,07.578,+0.044,+,22,15,40.10,-0.12,1.016651
1971 Jul. 12.71,41145.21788,Ku,E,0,7,25,,+,21,59,52.57,-0.57,1.016598
1971 Jul. 13.71,41146.21797,Hd,E,7,29,20.828,+0.079,+,21,51,25.50,+0.05,1.016566
1971 Jul. 16.71,41149.21819,Ho,E,7,41,29.906,+0.014,+,21,23,48.08,-0.03,1.016443
1971 Jul. 18.71,41151.21832,Ho,E,7,49,33.600,+0.050,+,21,3,32.82,-0.49,1.016335
1971 Jul. 22.71,41155.21849,,E,8,5,34.583,+0.085,+,20,18,48.41,-0.13,1.016050
1971 Jul. 23.71,41156.21851,Du,E,8,9,33.389,+0.067,+,20,6,45.11,-0.59,1.015964
1971 Jul. 26.71,41159.21855,Ku,E,0,8,21,,+,19,28,36.12,-1.29,1.015672
1971 Jul. 2.71,41166.21839,Cn,,8,48,48.216,+0.106,+,17,48,34.75,-0.62,1.014816
1971 Aug. 3.71,41167.21834,Hd,W,8,52,40.163,-0.019,+,17,33,06.52,+0.08,1.014677
1971 Aug. 5.71,41169.21821,,W,9,0,22.558,+0.091,+,17,1,17.93,+0.06,1.014390
1971 Aug. 6.71,41170.21814,Go,W,9,4,12.715,+0.016,+,16,44,59.42,+0.60,1.014243
1971 Aug. 9.71,41173.21788,Ho,W,9,15,39.851,+0.028,+,15,54,25.00,-0.53,1.013786
1971 Aug. 11.71,41175.21767,Hd,W,9,23,15.120,+0.081,+,15,19,24.85,-1.01,1.013467
1971 Aug. 17.71,41181.21690,Cr,W,9,45,47.930,+0.110,+,13,28,41.12,-0.35,1.012422
1971 Aug. 19.71,41183.21660,Go,W,9,53,14.702,+0.066,+,12,50,00.02,-0.10,1.012038
1971 Aug. 20.71,41184.21644,Ku,W,0,56,57.385,+0.079,+,12,30,20.30,-0.68,1.011838
1971 Aug. 23.71,41187.21593,Ku,W,10,8,02.507,+0.037,+,11,30,14.26,+0.60,1.011213
1971 Aug. 24.71,41188.21574,Cr,W,10,11,43.320,+0.039,+,11,9,48.52,-0.49,1.010996
1971 Aug. 25.71,41189.21556,Jo,W,10,15,23.768,+0.115,+,10,49,13.67,-0.28,1.010774
1971 Aug. 30.71,41194.21455,Ku,E,10,33,39.496,+0.027,+,9,3,51.23,-0.71,1.009613
1971 Aug. 31.71,41195.21434,Cr,E,10,37,17.532,+0.011,+,8,42,20.99,+0.40,1.009372
1971 Sep. 3.71,41198.21368,Jo,E,10,48,09.779,+0.032,+,7,36,57.59,-0.79,1.008639
1971 Sep. 4.71,41199.21345,Ho,E,10,51,46.594,+0.023,,,,,,1.008391
1971 Sep. 5.71,41200.21322,Rh,E,10,55,23.216,+0.076,+,6,52,46.02,-0.49,1.008143
1971 Sep. 6.71,41201.21299,Ho,E,10,58,59.572,+0.092,+,6,30,,,1.007894
1971 Sep. 7.71,41202.21275,Ku,,0,11,02,,+,6,8,07.14,-0.33,1.007644
1971 Sep. 8.71,41203.21251,Jo,E,11,6,11.631,+0.050,+,5,45,,,1.007393
1971 Sep. 10.71,41205.21203,Go,E,11,13,23.061,+0.030,+,5,0,22.14,-1.12,1.006887
1971 Sep. 14.71,41209.21106,Cn,E,11,27,44.761,+0.085,+,3,28,51.28,-0.86,1.005853
1971 Sep. 15.71,41210.21081,Ku,E,11,31,19.951,+0.036,+,3,5,48.30,-0.52,1.005589
1971 Sep. 16.71,41211.21056,Du,E,11,34,55.187,+0.061,+,2,42,41.37,-0.57,1.005322
1971 Sep. 25.70,41220.20836,Rh,W,12,7,13.687,+0.125,-,0,47,00.70,-0.09,1.002802
1971 Sep. 28.70,41223.20765,Du,W,12,18,01.832,+0.092,-,1,57,07.45,-0.02,1.001929
1971 Sep. 29.70,41224.20742,Go,W,12,21,38.258,+0.072,-,2,20,27.75,+0.24,1.001637
1971 Oct. 6.70,41231.20589,Cn,W,12,47,01.027,+0.098,-,5,2,55.38,-1.13,0.999610
1971 Oct. 7.70,41232.20568,Jo,W,12,50,39.933,+0.079,-,5,25,55.43,-0.91,0.999325
1971 Oct. 8.70,41233.20548,Cr,W,12,54,19.287,+0.086,-,5,48,,,0.999042
1971 Oct. 11.70,41236.20492,Rh,W,13,5,20.082,+0.106,-,6,57,11.20,+0.75,0.998198
1971 Oct. 12.70,41237.20474,Rh,W,13,9,01.309,+0.093,-,7,19,49.08,-0.59,0.997918
1971 Oct. 13.70,41238.20457,Hd,W,13,12,43.071,+0.105,-,7,42,19.56,-0.37,0.997637
,41239.20441,Cn,W,0,13,16,,,,,,-0.38,0.997357
1470 Oct. 15.70,41240.20425,Du,W,0,13,20,,-,8,27,01.76,-0.53,0.997076
1470 Oct. 19.70,41244.20368,,W,13,35,05.374,+0.123,-,9,54,57.57,-0.45,0.995952
1971 Nov. 4.70,41260.20267,Jo,E,14,36,42.296,+0.109,-,15,19,,,0.991601
1971 Nov. 5.70,41261.20268,Go,E,14,40,39.951,+0.188,-,15,37,35.42,+1.33,0.991354
1971 Nov. 8.70,41264.20277,Go,E,14,52,37.676,+0.112,-,16,31,18.69,-1.13,0.990633
1971 Nov. 12.70,41268.20304,Jo,,15,8,46.827,+0.125,-,17,38,57.30,+0.26,0.989715
1971 Nov. 13.70,41269.20313,Rh,E,15,12,51.230,+0.073,-,17,55,,,0.989491
1971 Nov. 14.70,41270.20323,Rh,E,15,16,56.639,+0.162,-,18,10,59.38,+0.08,0.989270
1971 Nov. 17.70,41273.20359,Du,E,15,29,17.753,+0.154,-,18,56,39.39,-1.04,0.988620
1971 Nov. 18.70,41274.20373,Cn,E,15,33,26.429,+0.085,-,19,11,10.49,+0.85,0.988408
1971 Nov. 21.70,41277.20421,Rh,E,15,45,57.647,+0.128,-,19,52,44.68,-0.02,0.987784
1971 Nov. 23.70,41279.20458,Go,W,15,54,22.448,+0.147,-,20,18,37.43,+1.13,0.987382
1971 Nov. 25.70,41281.20498,Rh,W,16,2,50.275,+0.132,-,20,43,02.66,-0.36,0.986992
1971 Nov. 26.70,41282.20519,Cr,W,16,7,05.302,+0.129,-,20,54,,,0.986804
1971 Nov. 28.70,41284.20564,Rh,W,16,15,37.482,+0.107,-,21,16,43.59,-0.34,0.986439
1971 Dec. 1.70,41287.20638,Hd,W,16,28,30.952,+0.079,-,21,46,48.04,-0.92,0.985930
1971 Dec. 2.70,41288.20664,Du,W,16,32,50.104,+0.080,-,21,55,58.10,+0.84,0.985772
1971 Dec. 4.70,41290.20718,Rh,W,16,41,30.351,+0.134,-,22,13,05.78,+0.70,0.985474
1971 Dec. 5.70,41291.20747,Rh,W,16,45,51.341,+0.136,-,22,21,,,0.985333
1971 Dec. 11.70,41297.20929,Rh,W,17,12,08.364,+0.091,-,22,59,20.09,-1.31,0.984595
1971 Dec. 13.70,41299.20993,Jo,W,17,20,57.696,+0.145,-,23,8,,,0.984385
1971 Dec. 16.71,41302.21094,Cn,W,17,34,14.100,+0.132,-,23,18,43.51,+0.63,0.984099
1971 Dec. 18.71,41304.21162,Rh,W,17,43,06.284,+0.117,-,23,23,15.23,-0.11,0.983927
1971 Dec. 19.71,41305.21196,Rh,W,17,47,32.693,+0.171,-,23,24,46.68,+1.70,0.983846
1971 Dec. 22.71,41308.21300,Cr,W,18,0,52.236,+0.077,-,23,26,39.06,-0.28,0.983625
1971 Dec. 23.71,41309.21335,Cn,W,18,5,18.891,+0.131,-,23,26,18.16,+0.83,0.983561
1971 Dec. 26.71,41312.21438,Rh,W,18,18,38.428,+0.172,-,23,22,,,0.983394
